종목명,금일종가,ATR,ATR/금일종가
3S,2715,45.,0.01657459
AJ네트웍스,4140.,101.33333333,0.02447665
AJ렌터카,11950,270.,0.02259414
AK홀딩스,31600,953.33333333,0.03016878
APS홀딩스,9830,420.,0.04272635
AP시스템,28200,980.,0.03475177
AP위성,6740,170.,0.02522255
BGF,5620,123.33333333,0.02194543
BGF리테일,169000,4133.33333333,0.02445759
BNK금융지주,7140,176.,0.02464986
BYC,241000,4533.33333333,0.01881051
BYC우,126500,1166.66666667,0.00922266
CJ,93800.,2033.33333333,0.02167733
CJ CGV,36400,936.66666667,0.0257326
CJ ENM,154500,2200.,0.01423948
CJ4우(전환),71000,900.,0.01267606
CJ대한통운,154000.,3633.33333333,0.02359307
CJ씨푸드,2700,79.33333333,0.02938272
CJ씨푸드1우,30300,1000.,0.0330033
CJ우,42350,733.33333333,0.01731602
CJ제일제당,246500.,6033.33333333,0.024476
CJ제일제당 우,104000.,2573.33333333,0.02474359
CJ프레시웨이,27600,550.,0.01992754
CJ헬로,6100,252.,0.04131148
CMG제약,4050,90.,0.02222222
CNH,2080,75.,0.03605769
CS,2605,100.,0.03838772
CS홀딩스,58000,980.,0.01689655
DB,765.,23.,0.03006536
DB금융스팩6호,2025,15.,0.00740741
DB금융스팩7호,2030,25.,0.01231527
DB금융투자,4295,64.,0.01490105
DB손해보험,57000,1853.33333333,0.03251462
DB하이텍,19000,1050.,0.05526316
DB하이텍1우,39100,9256.66666667,0.23674339
DGB금융지주,7110,116.,0.01631505
DI동일,72600,1380.,0.01900826
DMS,5390,150.,0.02782931
DRB동일,5350,134.,0.02504673
DSC인베스트먼트,3145,108.33333333,0.03444621
DSR,4275,163.,0.03812865
DSR제강,4430.,154.33333333,0.03483822
E1,48000.,586.66666667,0.01222222
EDGC,5270,150.,0.028463
EG,8630,150.,0.01738123
F&F,111500.,4600.,0.04125561
GH신소재,3090,60.,0.01941748
GKL,19650,380.,0.01933842
GS,48300,840.,0.0173913
GST,10050,190.,0.01890547
GS건설,29700,690.,0.02323232
GS글로벌,2245,37.,0.01648107
GS리테일,37950,813.33333333,0.02143171
GS우,36950,290.,0.00784844
GS홈쇼핑,150000,2566.66666667,0.01711111
GV,2715,195.,0.0718232
HB테크놀러지,2740,80.,0.02919708
HDC,11350,313.33333333,0.02760646
HDC아이콘트롤스,10400.,386.66666667,0.03717949
HDC현대EP,4390,132.66666667,0.0302202
HDC현대산업개발,27350,683.33333333,0.02498477
HRS,2735,50.,0.01828154
HSD엔진,4220,182.,0.04312796
IBKS제10호스팩,2060,25.,0.01213592
IBKS제11호스팩,2015,10.,0.00496278
IBKS제12호스팩,2050,5.,0.00243902
IBKS제7호스팩,2055,25.,0.01216545
IHQ,1690,52.,0.03076923
ISC,9540,430.,0.04507338
ITX엠투엠,1735,265.,0.15273775
JB금융지주,5390,80.,0.0148423
JTC,8120,110.,0.0135468
JW생명과학,18400,440.,0.02391304
JW신약,4830,120.,0.02484472
JW중외제약,30800,973.33333333,0.03160173
JW중외제약2우B,40400,3576.66666667,0.08853135
JW중외제약우,26300,1473.33333333,0.05602028
JW홀딩스,6700,196.,0.02925373
JYP Ent.,23000,450.,0.01956522
KBI메탈,1695,120.,0.07079646
KB금융,45950,1036.66666667,0.02256075
KB오토시스,6040,144.66666667,0.02395143
KCC,224000,6633.33333333,0.0296131
KCC건설,6510,130.,0.01996928
KCI,10250,200.,0.0195122
KCTC,2765,59.66666667,0.02157926
KC그린홀딩스,4450,144.,0.03235955
KC산업,2355,163.33333333,0.06935598
KC코트렐,7100,190.66666667,0.02685446
KEC,973,20.13333333,0.02069202
KG ETS,3360,55.,0.01636905
KG모빌리언스,6270,100.,0.01594896
KG이니시스,15950,600.,0.03761755
KG케미칼,11400,303.33333333,0.02660819
KH바텍,21600,2050.,0.09490741
KISCO홀딩스,12950,300.,0.02316602
KMH,5300,80.,0.01509434
KMH하이텍,1230,35.,0.02845528
KNN,1210,30.,0.02479339
KPX생명과학,10750,1690.,0.1572093
KPX케미칼,58300,1173.33333333,0.02012579
KPX홀딩스,54600,513.33333333,0.00940171
KR모터스,299,22.06666667,0.07380156
KSS해운,7620,142.,0.01863517
KT,26850,213.33333333,0.00794538
KT&G,97500.,960.,0.00984615
KTB투자증권,2315.,58.33333333,0.02519798
KTH,5300,370.,0.06981132
KTcs,2175,37.,0.01701149
KTis,2290,33.66666667,0.0147016
KT서브마린,4705.,301.66666667,0.06411619
LF,18000,426.66666667,0.0237037
LG,72100.,1873.33333333,0.02598243
LG디스플레이,14950,503.33333333,0.03366778
LG상사,15050,310.,0.02059801
LG생활건강,1258000,25266.66666667,0.02008479
LG생활건강우,750000,12066.66666667,0.01608889
LG우,47000,1103.33333333,0.02347518
LG유플러스,13600,273.33333333,0.02009804
LG이노텍,123000,3566.66666667,0.02899729
LG전자,70300,1093.33333333,0.01555239
LG전자우,28300.,400.,0.01413428
LG하우시스,57100,1140.,0.01996497
LG하우시스우,27900,430.,0.01541219
LG화학,309000.,5900.,0.01909385
LG화학우,167000.,3166.66666667,0.01896208
LIG넥스원,34650.,923.33333333,0.02664743
LS,44450,806.66666667,0.01814773
LS네트웍스,2255.,72.66666667,0.03222469
LS산전,50900,1006.66666667,0.01977734
LS전선아시아,7780,150.,0.01928021
MH에탄올,6250,132.,0.02112
MP한강,920,30.,0.0326087
NAVER,171500,4133.33333333,0.02410107
NEW,3895,100.,0.02567394
NE능률,3355,120.,0.03576751
NHN,67300,1846.66666667,0.02743933
NHN벅스,5440,170.,0.03125
NHN한국사이버결제,22250,700.,0.03146067
NH투자증권,12400,220.,0.01774194
NH투자증권우,9120.,65.33333333,0.00716374
NH프라임리츠,6300,249.33333333,0.03957672
NICE,20100,443.33333333,0.02205638
NICE평가정보,12950,250.,0.01930502
NI스틸,2125,62.66666667,0.0294902
NPC,3845,69.33333333,0.01803208
NPC우,2310,13.,0.00562771
OCI,62500,1313.33333333,0.02101333
PN풍년,2225,45.,0.02022472
POSCO,232000,4766.66666667,0.02054598
RFHIC,35200,750.,0.02130682
S&K폴리텍,8360,560.,0.06698565
S&TC,18100.,393.33333333,0.02173112
S&T모티브,40750,1343.33333333,0.03296524
S&T중공업,6760.,267.33333333,0.03954635
S&T홀딩스,15050,450.,0.02990033
S-Oil,88600.,1966.66666667,0.02219714
S-Oil우,53100,880.,0.0165725
SBI인베스트먼트,682,13.,0.01906158
SBI핀테크솔루션즈,10300,250.,0.02427184
SBS,17600,696.66666667,0.03958333
SBS미디어홀딩스,1980,55.33333333,0.02794613
SBS콘텐츠허브,5270,60.,0.0113852
SCI평가정보,2530,50.,0.01976285
SDN,2700,245.,0.09074074
SFA반도체,3655.,204.66666667,0.05599635
SG,2280,85.,0.0372807
SG&G,1825,35.,0.01917808
SGA,683,9.,0.01317716
SGA솔루션즈,1130,75.,0.06637168
SG세계물산,870,25.,0.02873563
SG충방,1785,53.,0.02969188
SH에너지화학,1015.,20.2,0.01990148
SIMPAC,3020,83.,0.02748344
SJM,3875,154.,0.03974194
SJM홀딩스,3270,51.,0.01559633
SK,256000,5400.,0.02109375
SK4호스팩,2045,10.,0.00488998
SK5호스팩,2010,5.,0.00248756
SKC,48500.,1553.33333333,0.03202749
SKC 솔믹스,3560,115.,0.03230337
SKC코오롱PI,34100,650.,0.01906158
SK가스,85800,1426.66666667,0.01662782
SK네트웍스,5720,102.66666667,0.01794872
SK네트웍스우,77100,2433.33333333,0.03156074
SK디스커버리,25700,820.,0.03190661
SK디스커버리우,17150,866.66666667,0.0505345
SK디앤디,29650.,580.,0.01956155
SK머티리얼즈,192000,2500.,0.01302083
SK바이오랜드,21350,750.,0.03512881
SK우,175500,11800.,0.06723647
SK이노베이션,147500,2900.,0.01966102
SK이노베이션우,112000.,1966.66666667,0.01755952
SK증권,598,9.33333333,0.01560758
SK증권우,2770,104.33333333,0.03766546
SK케미칼,66800,2840.,0.04251497
SK케미칼우,31400,3003.33333333,0.09564756
SK텔레콤,242000,3266.66666667,0.01349862
SK하이닉스,80500,2460.,0.03055901
SM C&C,1475,25.,0.01694915
SM Life Design,1945,60.,0.03084833
SNK,16350,350.,0.02140673
SPC삼립,91000,1593.33333333,0.01750916
STX,7710.,318.66666667,0.0413316
STX엔진,6730,164.,0.0243685
STX중공업,3290,192.33333333,0.05845998
SV인베스트먼트,1950,230.,0.11794872
TBH글로벌,2780,99.33333333,0.03573141
TCC스틸,2685,67.66666667,0.02520174
THE E&M,968,52.,0.05371901
THE MIDONG,1800,60.,0.03333333
TJ미디어,3315,85.,0.02564103
TPC,4065,85.,0.02091021
TS인베스트먼트,2500,90.,0.036
UCI,3975,85.,0.02138365
WI,8950,510.,0.05698324
WISCOM,2615.,25.66666667,0.00981517
W홀딩컴퍼니,380,10.,0.02631579
YBM넷,3790,85.,0.02242744
YG PLUS,1390,73.33333333,0.05275779
YTN,2040,70.,0.03431373
YW,3705,60.,0.01619433
iMBC,2355,50.,0.02123142
가비아,7800,80.,0.01025641
가온미디어,8290,120.,0.01447527
가온전선,21400.,560.,0.02616822
강남제비스코,20050,403.33333333,0.02011638
강스템바이오텍,7770,330.,0.04247104
강원랜드,29950,526.66666667,0.01758486
갤럭시아에스엠,1620,64.66666667,0.0399177
갤럭시아컴즈,3475,135.,0.03884892
게임빌,29900,650.,0.02173913
경남스틸,1820,60.,0.03296703
경남제약,8710,470.,0.05396096
경농,11250.,463.33333333,0.04118519
경동나비엔,43900,953.33333333,0.02171602
경동도시가스,21600,426.,0.01972222
경동인베스트,35400,670.,0.01892655
경동제약,7800,130.,0.01666667
경방,9890,355.33333333,0.03592855
경보제약,8330.,191.33333333,0.02296919
경인양행,7410,183.33333333,0.02474134
경인전자,20350,450.,0.02211302
경창산업,1320,125.,0.09469697
계룡건설,20400,636.66666667,0.03120915
계양전기,3110.,161.33333333,0.05187567
계양전기우,7040.,282.66666667,0.04015152
고려개발,9500,255.33333333,0.02687719
고려산업,3260,139.,0.04263804
고려시멘트,3255,155.,0.04761905
고려신용정보,5030,50.,0.00994036
고려아연,409500.,7400.,0.01807082
고려제강,21550,656.66666667,0.03047177
고려제약,7270,140.,0.01925722
고영,102800,4900.,0.04766537
골드퍼시픽,1645,140.,0.08510638
골든센츄리,329,6.,0.01823708
골프존,67800,1400.,0.02064897
골프존뉴딘홀딩스,3595,40.,0.01112656
광동제약,6810,118.,0.01732746
광림,2295,45.,0.01960784
광명전기,2165,50.66666667,0.02340262
광전자,2045,39.33333333,0.0192339
광주신세계,173000,3366.66666667,0.0194605
광진실업,3720,120.33333333,0.03234767
광진윈텍,3330,115.,0.03453453
교보7호스팩,2100,80.,0.03809524
교보8호스팩,2040,40.,0.01960784
교보9호스팩,2010,5.,0.00248756
교보증권,9350,178.66666667,0.01910873
구영테크,1790,85.,0.04748603
국도화학,45750,650.,0.01420765
국동,1360.,56.66666667,0.04166667
국보디자인,17200,400.,0.02325581
국순당,2920.,97.66666667,0.03344749
국영지앤엠,1560,101.,0.06474359
국일신동,5840,180.,0.03082192
국일제지,6020,230.,0.03820598
국제약품,4510,117.33333333,0.02601626
그리티,2755,150.,0.05444646
그린케미칼,3288.82006836,138.40133464,0.04208237
그린플러스,11000,450.,0.04090909
극동유화,3405.,59.33333333,0.01742535
글로벌에스엠,669,24.,0.03587444
글로벌텍스프리,3435,100.,0.02911208
글로본,3090,70.,0.02265372
글로스퍼랩스,520,16.,0.03076923
금강공업,3900,88.,0.0225641
금강공업우,8260,204.,0.02469734
금강철강,3550,100.,0.02816901
금비,63600,1033.33333333,0.01624738
금양,2275,77.66666667,0.03413919
금호산업,11050,300.,0.02714932
금호산업우,37750.,1773.33333333,0.04697572
금호석유,74100,2253.33333333,0.03040936
금호석유우,30900,990.,0.03203883
금호에이치티,5960.,285.33333333,0.04787472
금호전기,3730.,501.33333333,0.13440572
금호타이어,4250,95.66666667,0.0225098
금화피에스시,30000,450.,0.015
기가레인,1470,55.,0.03741497
기산텔레콤,2070,55.,0.02657005
기신정기,3760,68.66666667,0.01826241
기아차,42650.,1080.,0.02532239
기업은행,11850.,186.66666667,0.01575246
까뮤이앤씨,1210,58.,0.04793388
까스텔바작,9550,240.,0.02513089
깨끗한나라,2255,66.,0.02926829
깨끗한나라우,17000,716.66666667,0.04215686
나노,1995,30.,0.01503759
나노메딕스,8250,485.33333333,0.05882828
나노브릭,11050,800.,0.07239819
나노스,4130,155.,0.03753027
나노신소재,15700,250.,0.01592357
나노엔텍,5500,170.,0.03090909
나노캠텍,2240,70.,0.03125
나라엠앤디,4225,90.,0.02130178
나무가,48150,1900.,0.03946002
나무기술,2635,70.,0.02656546
나스미디어,32550,500.,0.01536098
나우IB,4635,45.,0.00970874
나이벡,10000,130.,0.013
나이스디앤비,8360,70.,0.00837321
나이스정보통신,28500,400.,0.01403509
나인컴플렉스,2170,224.33333333,0.10337942
남광토건,11100,396.66666667,0.03573574
남선알미늄,2985,164.66666667,0.05516471
남선알미우,20200.,1683.33333333,0.08333333
남성,3090,112.33333333,0.03635383
남양유업,453500,7766.66666667,0.01712606
남양유업우,159000.,3500.,0.02201258
남영비비안,19900,1240.,0.06231156
남해화학,8070,135.33333333,0.01676993
남화산업,13350,550.,0.0411985
남화토건,15400,1100.,0.07142857
내츄럴엔도텍,3980,80.,0.0201005
네오셈,1425,95.,0.06666667
네오오토,4670,100.,0.02141328
네오위즈,17200,700.,0.04069767
네오위즈홀딩스,14150,250.,0.01766784
네오크레마,10000,730.,0.073
네오티스,3980,40.,0.01005025
네오팜,46150,1326.66666667,0.02874684
네오펙트,4565,100.,0.02190581
네이블,4245,110.,0.02591284
네이처셀,6220,700.,0.11254019
네패스,24300,650.,0.02674897
넥센,5850,106.66666667,0.01823362
넥센우,3380.,59.33333333,0.01755424
넥센타이어,9070,194.66666667,0.0214627
넥센타이어1우B,3485,34.66666667,0.00994739
넥스턴,10200,600.,0.05882353
넥스트BT,1420,35.,0.02464789
넥스트사이언스,9150,748.,0.08174863
넥스트아이,1550,80.,0.0516129
넥슨지티,6910,100.,0.01447178
넵튠,6800,110.,0.01617647
넷게임즈,7750,320.,0.04129032
넷마블,89400,1653.33333333,0.01849366
노랑풍선,15450,550.,0.03559871
노루페인트,8140,149.33333333,0.01834562
노루페인트우,11500.,1073.33333333,0.09333333
노루홀딩스,12400,306.66666667,0.02473118
노루홀딩스우,18100,1553.33333333,0.08581952
노바렉스,19900,600.,0.03015075
노바텍,17350,2500.,0.14409222
노터스,20050,1350.,0.06733167
녹십자,126500,2566.66666667,0.02028986
녹십자랩셀,35600,500.,0.01404494
녹십자셀,42950,600.,0.01396973
녹십자엠에스,5270,100.,0.01897533
녹십자웰빙,11050,800.,0.07239819
녹십자홀딩스,21750,530.,0.02436782
녹십자홀딩스2우,17350,1070.,0.06167147
농심,234000.,3966.66666667,0.01695157
농심홀딩스,76100,1633.33333333,0.02146299
농우바이오,11950,150.,0.0125523
누리텔레콤,5460,70.,0.01282051
누리플랜,4700,50.,0.0106383
뉴로스,3995,75.,0.01877347
뉴보텍,1230,35.,0.02845528
뉴인텍,1565,80.,0.05111821
뉴지랩,10650,600.,0.05633803
뉴트리,13450,250.,0.01858736
뉴파워프라즈마,4450,160.,0.03595506
뉴프라이드,975,35.,0.03589744
뉴프렉스,2160,55.,0.02546296
다나와,23700,800.,0.03375527
다날,3195,35.,0.01095462
다믈멀티미디어,3625,95.,0.0262069
다산네트웍스,7630,170.,0.02228047
다스코,6170,336.,0.05445705
다우기술,18850,350.,0.01856764
다우데이타,8310,140.,0.01684717
다원시스,14750,400.,0.02711864
대교,6160,83.33333333,0.01352814
대교우B,4220.,29.66666667,0.00703002
대구백화점,5910,211.33333333,0.0357586
대덕전자,10300,270.,0.02621359
대덕전자1우,6360,130.66666667,0.02054507
대동공업,5570,121.33333333,0.02178336
대동금속,9570,420.,0.04388715
대동기어,2840,155.,0.05457746
대동스틸,5560,130.,0.02338129
대동전자,3625,100.66666667,0.02777011
대륙제관,4290,65.,0.01515152
대림B&Co,4245,117.,0.02756184
대림산업,88800,2040.,0.02297297
대림산업우,39350,863.33333333,0.02193986
대림씨엔에스,7590,131.33333333,0.01730347
대림제지,1320,325.,0.24621212
대림통상,4020,59.,0.01467662
대명코퍼레이션,1520,25.,0.01644737
대모,6840,150.,0.02192982
대보마그네틱,20700,800.,0.03864734
대봉엘에스,6660,90.,0.01351351
대상,23450,433.33333333,0.01847903
대상우,13150.,253.33333333,0.01926489
대상홀딩스,6930,116.66666667,0.01683502
대상홀딩스우,6040,103.33333333,0.01710817
대성미생물,15900,300.,0.01886792
대성산업,3325,109.66666667,0.03298246
대성에너지,5440,48.,0.00882353
대성엘텍,988,43.,0.04352227
대성창투,2020,70.,0.03465347
대성파인텍,1375,50.,0.03636364
대성홀딩스,7870.,188.,0.02388818
대신밸런스제6호스팩,2010,20.,0.00995025
대신밸런스제7호스팩,2010,10.,0.00497512
대신밸런스제8호스팩,2010,10.,0.00497512
대신정보통신,1330,45.,0.03383459
대신증권,12050,200.,0.01659751
대신증권2우B,8670,78.,0.00899654
대신증권우,9340,85.33333333,0.00913633
대아티아이,5290,120.,0.02268431
대양금속,17650,1430.,0.08101983
대양전기공업,13350,200.,0.01498127
대양제지,3280,400.,0.12195122
대영포장,1080,28.66666667,0.02654321
대우건설,4405,118.66666667,0.02693908
대우부품,2110.,103.66666667,0.04913112
대우조선해양,25850.,790.,0.03056093
대웅,12350.,423.33333333,0.034278
대웅제약,133500,2366.66666667,0.01772784
대원,11300,200.,0.01769912
대원강업,3370,76.,0.02255193
대원미디어,6740,120.,0.01780415
대원산업,5890,180.,0.03056027
대원전선,1205,49.33333333,0.04094053
대원전선우,3040,130.33333333,0.04287281
대원제약,17150.,320.,0.01865889
대원화성,1435.,33.,0.02299652
대유,11850,250.,0.02109705
대유에이텍,860,28.8,0.03348837
대유에이피,7100,360.,0.05070423
대유플러스,721,20.66666667,0.02866389
대정화금,14800,250.,0.01689189
대주산업,1425,65.,0.04561404
대주전자재료,16500,950.,0.05757576
대창,1200,131.,0.10916667
대창단조,28700,416.66666667,0.014518
대창솔루션,359,5.,0.01392758
대창스틸,2530,75.,0.02964427
대한과학,5090,90.,0.01768173
대한광통신,3350,50.,0.01492537
대한뉴팜,10050,430.,0.04278607
대한방직,19250,440.,0.02285714
대한약품,31450,350.,0.01112878
대한유화,115500,2966.66666667,0.02568543
대한전선,602,15.13333333,0.02513843
대한제강,5760,127.33333333,0.02210648
대한제당,18350,570.,0.03106267
대한제당3우B,24600,1063.33333333,0.04322493
대한제당우,12750,306.66666667,0.02405229
대한제분,152000,3900.,0.02565789
대한항공,24750.,750.,0.03030303
대한항공우,14650,486.66666667,0.03321957
대한해운,21750,466.66666667,0.02145594
대한화섬,90900,2200.,0.02420242
대현,2365,56.,0.02367865
대호에이엘,5120,284.,0.05546875
대호피앤씨,999,12.,0.01201201
대호피앤씨우,1330,80.,0.06015038
대화제약,12250,150.,0.0122449
더블유게임즈,47000.,1390.,0.02957447
더존비즈온,70800,2053.33333333,0.02900188
덕산네오룩스,23450,750.,0.03198294
덕산테코피아,16800,700.,0.04166667
덕산하이메탈,7270,330.,0.04539202
덕성,2785,89.,0.03195691
덕성우,3465,117.33333333,0.03386243
덕신하우징,1250,30.,0.024
덕양산업,1160,74.66666667,0.06436782
덕우전자,7910,310.,0.0391909
데브시스터즈,7450,120.,0.01610738
데이타솔루션,4470,205.,0.0458613
데일리블록체인,957,70.,0.07314525
덱스터,8280.,358.,0.04323671
덴티움,54500,1460.,0.02678899
도이치모터스,7500,259.33333333,0.03457778
도화엔지니어링,9040,265.33333333,0.02935103
동구바이오제약,15250,350.,0.02295082
동국S&C,2360,65.,0.02754237
동국산업,2700,45.,0.01666667
동국알앤에스,2460,30.,0.01219512
동국제강,6000,144.,0.024
동국제약,85600,4000.,0.04672897
동남합성,24500,393.33333333,0.01605442
동방,1615,44.,0.02724458
동방선기,2740,65.,0.02372263
동방아그로,6890,76.66666667,0.01112724
동부건설,8280,268.66666667,0.03244767
동부건설우,18300.,2030.,0.11092896
동부스팩5호,2010,10.,0.00497512
동부제철,7340,249.33333333,0.03396912
동부제철우,70900,2813.33333333,0.0396803
동북아12호,5010,8.,0.00159681
동북아13호,4980,6.,0.00120482
동서,17450,240.,0.01375358
동성제약,15750,643.33333333,0.04084656
동성코퍼레이션,5230,86.,0.01644359
동성화인텍,9900.,286.66666667,0.02895623
동성화학,16850.,343.33333333,0.02037587
동신건설,6090,120.,0.01970443
동아쏘시오홀딩스,103500,3193.33333333,0.03085346
동아에스티,107500,3500.,0.03255814
동아엘텍,7800,230.,0.02948718
동아지질,18350,640.,0.03487738
동아타이어,12400,173.33333333,0.01397849
동아화성,4810,105.,0.02182952
동양,1430.,50.66666667,0.03543124
동양2우B,9110,190.,0.0208562
동양3우B,28250.,1586.66666667,0.05616519
동양고속,27350,443.33333333,0.01620963
동양네트웍스,509,26.53333333,0.05212836
동양물산,931,48.86666667,0.05248836
동양생명,3960,107.66666667,0.02718855
동양에스텍,2970.,45.,0.01515152
동양우,6140,93.33333333,0.01520087
동양이엔피,16650,500.,0.03003003
동양철관,1065,31.33333333,0.02942097
동양파일,3180,145.,0.04559748
동양피스톤,4650,106.,0.0227957
동양피엔에프,10950,250.,0.02283105
동우팜투테이블,3540,40.,0.01129944
동운아나텍,6760,290.,0.04289941
동원F&B,228500,5600.,0.02450766
동원개발,4170,55.,0.01318945
동원금속,866,17.13333333,0.01978445
동원산업,220000,4166.66666667,0.01893939
동원수산,10200,426.66666667,0.04183007
동원시스템즈,29750,850.,0.02857143
동원시스템즈우,28600,1943.33333333,0.06794872
동일고무벨트,5530,106.,0.01916817
동일금속,11700,100.,0.00854701
동일기연,12400,550.,0.04435484
동일산업,58600,713.33333333,0.01217292
동일제강,2585.,51.,0.01972921
동일철강,3220,35.,0.01086957
동진쎄미켐,14450,646.66666667,0.04475202
동화기업,16950,513.33333333,0.03028515
동화약품,8110,250.66666667,0.03090834
두산,68300.,1546.66666667,0.02264519
두산2우B,62800,2280.,0.03630573
두산건설,1480.,99.66666667,0.06734234
두산밥캣,31800,843.33333333,0.02651992
두산솔루스,19400,960.,0.04948454
두산솔루스1우,6910,628.66666667,0.09097926
두산솔루스2우B,14300,3870.,0.27062937
두산우,61400.,1373.33333333,0.02236699
두산인프라코어,5340,114.,0.02134831
두산중공업,5560,173.33333333,0.03117506
두산퓨얼셀,7990,480.,0.06007509
두산퓨얼셀1우,4220,440.,0.1042654
두산퓨얼셀2우B,8170,1923.33333333,0.23541412
두올,3290,115.66666667,0.03515704
두올산업,1470,115.,0.07823129
듀오백,2455,45.,0.01832994
드래곤플라이,2865,90.,0.03141361
드림시큐리티,2770,100.,0.03610108
드림어스컴퍼니,5540,120.,0.02166065
드림텍,5970,225.33333333,0.03774428
디딤,2025.,72.,0.03555556
디바이스이엔지,12200,750.,0.06147541
디스플레이텍,3690.,45.33333333,0.01228546
디씨엠,12200,150.,0.01229508
디아이,2930,82.33333333,0.02810011
디아이씨,2175,55.,0.02528736
디아이티,8140,140.,0.01719902
디알젬,7900,280.,0.03544304
디알텍,1810,35.,0.01933702
디앤씨미디어,15550,550.,0.03536977
디에스케이,8990,750.,0.08342603
디에스티,872,48.,0.05504587
디에이치피코리아,7420,100.,0.01347709
디에이테크놀로지,1580,55.,0.03481013
디에이피,3640,135.,0.03708791
디엔에이링크,3630,390.,0.10743802
디엔에프,9350,240.,0.02566845
디엠티,2220,94.33333333,0.04249249
디오,39000,600.,0.01538462
디오스텍,760,17.,0.02236842
디와이,5550,184.,0.03315315
디와이파워,9640,198.,0.02053942
디이엔티,3290,165.,0.05015198
디자인,8280,320.,0.03864734
디젠스,594,22.,0.03703704
디지아이,2845,115.,0.04042179
디지캡,3855,140.,0.03631647
디지탈옵틱,801,27.,0.03370787
디지털대성,7740,180.,0.02325581
디지틀조선,2145,25.,0.01165501
디케이디앤아이,3095,80.,0.02584814
디케이락,9190,190.,0.02067465
디케이앤디,5540,200.,0.03610108
디케이티,12400,350.,0.02822581
디티알오토모티브,30000,526.66666667,0.01755556
디티앤씨,7300,240.,0.03287671
디피씨,5030,157.,0.03121272
딜리,1800,30.,0.01666667
라닉스,6880,370.,0.05377907
라온시큐어,2820,65.,0.02304965
라온피플,17200,450.,0.02616279
라이브플렉스,854,45.,0.05269321
라이온켐텍,7980,170.,0.02130326
라파스,17900,500.,0.02793296
락앤락,14850,573.33333333,0.03860831
램테크놀러지,8080,280.,0.03465347
랩지노믹스,5170,110.,0.0212766
러셀,1940,55.,0.02835052
럭슬,461,77.,0.1670282
레고켐바이오,52400,2700.,0.05152672
레드캡투어,16250,200.,0.01230769
레이,40650,1000.,0.02460025
레이언스,12400,450.,0.03629032
로고스바이오,13900,650.,0.04676259
로보로보,4515,150.,0.03322259
로보스타,17250,200.,0.0115942
로보티즈,12450,400.,0.03212851
로지시스,3500,150.,0.04285714
로체시스템즈,5150,240.,0.04660194
롯데관광개발,13400,456.66666667,0.0340796
롯데리츠,6340,115.33333333,0.01819138
롯데손해보험,2115,46.66666667,0.02206462
롯데쇼핑,133000,3000.,0.02255639
롯데정밀화학,45000,940.,0.02088889
롯데정보통신,42850,1063.33333333,0.02481525
롯데제과,147500,3366.66666667,0.02282486
롯데지주,35950,910.,0.02531293
롯데지주우,50500,4623.33333333,0.09155116
롯데칠성,133500,3466.66666667,0.02596754
롯데칠성우,72300,2633.33333333,0.03642231
롯데케미칼,219000,5133.33333333,0.02343988
롯데푸드,434500.,9200.,0.02117376
롯데하이마트,31250,596.66666667,0.01909333
루멘스,2490,115.,0.04618474
루미마이크로,2380,205.,0.08613445
루트로닉,9970,633.33333333,0.06352391
루트로닉3우C,13000,850.,0.06538462
룽투코리아,5210,170.,0.03262956
리노공업,63800,1100.,0.01724138
리노스,1415,170.,0.12014134
리더스 기술투자,565,9.,0.0159292
리더스코스메틱,5840,228.66666667,0.03915525
리드코프,7420,310.,0.04177898
리메드,12150,750.,0.0617284
린드먼아시아,4405,365.,0.08286039
링네트,4195,80.,0.01907032
링크제니시스,7560,140.,0.01851852
마니커,801.,16.66666667,0.02080732
마니커에프앤지,8370,520.,0.06212664
마이크로디지탈,14150,450.,0.03180212
마이크로컨텍솔,4275,255.,0.05964912
마이크로텍,1965,155.,0.07888041
마이크로프랜드,4895,245.,0.05005107
마크로젠,23500,700.,0.02978723
만도,35100,926.66666667,0.02640076
만호제강,16100,456.66666667,0.02836439
매일유업,83200,1000.,0.01201923
매일홀딩스,10750,250.,0.02325581
매직마이크로,795,86.,0.1081761
매커스,3725,60.,0.01610738
맥스로텍,1470,75.,0.05102041
맥쿼리인프라,11950,86.66666667,0.00725244
머큐리,8470,110.,0.01298701
멀티캠퍼스,33100,750.,0.02265861
메가스터디,12100,250.,0.02066116
메가스터디교육,40350,750.,0.01858736
메가엠디,3200,90.,0.028125
메드팩토,35000,2550.,0.07285714
메디아나,8230,250.,0.03037667
메디톡스,298800,4800.,0.01606426
메디파트너생명공학,6120,412.,0.06732026
메디포스트,32600,850.,0.02607362
메디프론,4725,160.,0.03386243
메리츠금융지주,12150,383.33333333,0.03155007
메리츠종금증권,4265,116.,0.02719812
메리츠화재,18350,383.33333333,0.0208901
메이슨캐피탈,320,32.,0.1
메지온,161800,8400.,0.05191595
메카로,14400,500.,0.03472222
메타랩스,1445,56.33333333,0.03898501
메타바이오메드,2705,55.,0.02033272
멕아이씨에스,3875,100.,0.02580645
멜파스,1615,50.,0.03095975
명문제약,4725,154.33333333,0.03266314
명성티엔에스,16150,1413.33333333,0.0875129
모나리자,3675.,104.33333333,0.02839002
모나미,3410,136.,0.0398827
모다,155,0.,0.
모다이노칩,3070,55.,0.01791531
모두투어,18050,800.,0.04432133
모두투어리츠,3195,36.33333333,0.01137194
모바일리더,20700,800.,0.03864734
모바일어플라이언스,4530,145.,0.03200883
모베이스,4310,91.,0.02111369
모베이스전자,1280,45.,0.03515625
모비스,2195,60.,0.02733485
모아텍,4675,75.,0.01604278
모토닉,8680,153.33333333,0.01766513
모트렉스,2810,100.,0.03558719
모헨즈,5220,855.,0.1637931
무림P&P,4285,62.,0.01446908
무림SP,2250,30.,0.01333333
무림페이퍼,2520,54.,0.02142857
무학,8960,124.,0.01383929
문배철강,2570.,78.33333333,0.0304799
미디어젠,6940,380.,0.05475504
미래SCI,480,21.,0.04375
미래나노텍,3260,95.,0.0291411
미래산업,160,7.13333333,0.04458333
미래생명자원,2995,270.,0.09015025
미래아이앤지,306,14.86666667,0.04858388
미래에셋대우,7280.,124.66666667,0.01712454
미래에셋대우2우B,4310,40.,0.00928074
미래에셋대우스팩1호,2050,5.,0.00243902
미래에셋대우스팩2호,2030,30.,0.01477833
미래에셋대우스팩3호,2015,20.,0.00992556
미래에셋대우스팩4호,2005,5.,0.00249377
미래에셋대우우,4710.,63.33333333,0.01344657
미래에셋벤처투자,4815,55.,0.01142264
미래에셋생명,4210,74.33333333,0.01765637
미래컴퍼니,34000,1300.,0.03823529
미래테크놀로지,8300,230.,0.02771084
미스터블루,7850,200.,0.02547771
미원상사,56200,1026.66666667,0.01826809
미원에스씨,70800,1146.66666667,0.01619586
미원홀딩스,41000,803.33333333,0.0195935
미원화학,43850,930.,0.02120867
미창석유,80400,1326.66666667,0.01650083
미코,5060.,164.66666667,0.03254282
미투온,5740,100.,0.0174216
민앤지,14700,200.,0.01360544
바다로19호,2920,23.,0.00787671
바디텍메드,9520,310.,0.03256303
바른손,1995,30.,0.01503759
바른손이앤에이,1580,40.,0.02531646
바른테크놀로지,995,85.,0.08542714
바이넥스,7790,150.,0.01925546
바이오니아,6490,226.66666667,0.03492553
바이오로그디바이스,1790,30.,0.01675978
바이오리더스,6730,310.,0.04606241
바이오솔루션,36950,1300.,0.03518268
바이오스마트,4240,85.,0.02004717
바이오제네틱스,5710,320.,0.05604203
바이오톡스텍,6110,170.,0.02782324
바이온,1295,70.,0.05405405
바텍,28750,900.,0.03130435
방림,2035,56.66666667,0.02784603
배럴,11700,550.,0.04700855
백광산업,2360,42.,0.01779661
백광소재,4265.,176.,0.04126612
백금T&A,2890,50.,0.01730104
백산,8380,319.33333333,0.0381066
버추얼텍,799,21.,0.02628285
버킷스튜디오,2035,65.,0.03194103
범양건영,1925,162.66666667,0.08450216
베뉴지,1675,100.,0.05970149
베셀,3970,255.,0.06423174
베스파,14500,150.,0.01034483
베트남개발1,368.,49.90533447,0.13561232
벽산,1850,72.33333333,0.0390991
보광산업,4845,75.,0.01547988
보라티알,10150,526.66666667,0.05188834
보락,2040,48.,0.02352941
보령메디앙스,8320,240.,0.02884615
보령제약,15550,460.,0.02958199
보성파워텍,2115,305.,0.14420804
보해양조,1000,18.46666667,0.01846667
본느,3685,65.,0.01763908
부광약품,14750,320.,0.02169492
부국증권,21900,483.33333333,0.02207002
부국증권우,19200,146.66666667,0.00763889
부국철강,4900,466.,0.09510204
부방,2600,45.,0.01730769
부산가스,35700,556.66666667,0.0155929
부산산업,143500,9733.33333333,0.06782811
부산주공,460.,13.6,0.02956522
부스타,5440,70.,0.01286765
뷰웍스,28000,900.,0.03214286
브레인콘텐츠,672,11.,0.01636905
브리지텍,3070,60.,0.01954397
브릿지바이오테라퓨틱스,54300,10400.,0.19152855
브이원텍,8950,260.,0.02905028
브이티지엠피,8840,180.,0.02036199
블러썸엠앤씨,8650,100.,0.01156069
블루콤,3255,80.,0.02457757
비덴트,7960,180.,0.02261307
비디아이,7810,243.33333333,0.03115664
비상교육,7680,167.33333333,0.02178819
비씨월드제약,15050,700.,0.04651163
비아트론,10600,450.,0.04245283
비에이치,20600,550.,0.02669903
비에이치아이,2130,70.,0.03286385
비엠티,6890,140.,0.0203193
비즈니스온,13850,250.,0.01805054
비츠로셀,13300,200.,0.01503759
비츠로테크,6310,190.,0.03011094
비트컴퓨터,4225.,103.,0.0243787
비티원,3460,235.33333333,0.06801541
비피도,23150,950.,0.04103672
빅솔론,5570,150.,0.02692998
빅텍,3305,85.,0.02571861
빙그레,54500,1040.,0.01908257
빛샘전자,5330,90.,0.01688555
사람인에이치알,29800,650.,0.02181208
사조대림,17000.,443.33333333,0.02607843
사조동아원,1010,14.2,0.01405941
사조산업,38900,696.66666667,0.01790917
사조씨푸드,5220,109.33333333,0.02094508
사조오양,7800,172.66666667,0.02213675
삼강엠앤티,4520,175.,0.03871681
삼광글라스,30100.,353.33333333,0.01173865
삼기오토모티브,2285,63.66666667,0.02786287
삼륭물산,9200,468.,0.05086957
삼목에스폼,8240,130.,0.0157767
삼보모터스,5250,50.,0.00952381
삼보산업,667,48.,0.07196402
삼보판지,8620,270.,0.03132251
삼본전자,2745,75.,0.0273224
삼부토건,690.,30.13333333,0.0436715
삼성SDI,234000,5133.33333333,0.02193732
삼성SDI우,89800,2733.33333333,0.03043801
삼성공조,8480.,218.,0.02570755
삼성머스트스팩3호,2045,30.,0.01466993
삼성물산,100500,2233.33333333,0.02222222
삼성물산우B,72800,1386.66666667,0.01904762
삼성바이오로직스,390000,7133.33333333,0.0182906
삼성생명,72500,1226.66666667,0.01691954
삼성스팩2호,2045,25.,0.01222494
삼성에스디에스,199000,3366.66666667,0.01691792
삼성엔지니어링,18750,403.33333333,0.02151111
삼성전기,112000,2500.,0.02232143
삼성전기우,44400,830.,0.01869369
삼성전자,50400,1143.33333333,0.02268519
삼성전자우,41300.,826.66666667,0.02001614
삼성제약,4040,381.33333333,0.09438944
삼성중공업,6880,129.33333333,0.01879845
삼성중공우,56400,2600.,0.04609929
삼성증권,36200,633.33333333,0.0174954
삼성출판사,22450,2370.,0.10556793
삼성카드,36950,1010.,0.02733424
삼성화재,234500,4700.,0.02004264
삼성화재우,168500,2433.33333333,0.01444115
삼아알미늄,4090,81.66666667,0.0199674
삼아제약,16000,400.,0.025
삼양사,52700,1353.33333333,0.02567995
삼양사우,35800,850.,0.02374302
삼양식품,86700,2460.,0.0283737
삼양옵틱스,13500,200.,0.01481481
삼양통상,67100,2180.,0.03248882
삼양패키징,15700,273.33333333,0.01740977
삼양홀딩스,67000,1693.33333333,0.02527363
삼양홀딩스우,44400,886.66666667,0.01996997
삼영무역,16100,353.33333333,0.02194617
삼영엠텍,3340.,67.66666667,0.02025948
삼영이엔씨,5940,160.,0.02693603
삼영전자,8920,202.66666667,0.02272048
삼영화학,999,16.06666667,0.01608275
삼원강재,3030,44.66666667,0.01474147
삼원테크,1190,30.,0.02521008
삼익THK,11100,273.33333333,0.02462462
삼익악기,1775,25.33333333,0.0142723
삼일,2005,20.,0.00997506
삼일기업공사,3350,70.,0.02089552
삼일제약,19800.,823.33333333,0.04158249
삼정펄프,33550,433.33333333,0.01291605
삼지전자,9730,200.,0.02055498
삼진,11400,700.,0.06140351
삼진엘앤디,2245,320.,0.14253898
삼진제약,25200,653.33333333,0.02592593
삼천당제약,31300,846.66666667,0.02705005
삼천리,85500,686.66666667,0.00803119
삼천리자전거,5370,80.,0.01489758
삼표시멘트,3775,80.,0.02119205
삼현철강,3980,50.,0.01256281
삼호,20700,620.,0.02995169
삼호개발,4410,82.,0.0185941
삼화네트웍스,1480,30.,0.02027027
삼화왕관,45750,506.66666667,0.01107468
삼화전기,13400,426.66666667,0.0318408
삼화전자,2305.,95.33333333,0.04135936
삼화콘덴서,44400,1256.66666667,0.0283033
삼화페인트,5000.,78.,0.0156
상보,1080,15.,0.01388889
상상인,8990,380.,0.04226919
상상인이안1호스팩,2005,20.,0.00997506
상상인이안제2호스팩,2000,10.,0.005
상상인인더스트리,1590,30.,0.01886792
상상인증권,1335.,61.33333333,0.04594257
상신브레이크,3745,62.66666667,0.01673342
상신이디피,7740,210.,0.02713178
상신전자,3570,100.,0.0280112
상아프론테크,14550,400.,0.02749141
상지카일룸,1470,45.,0.03061224
새로닉스,3565,55.,0.01542777
새론오토모티브,4515.,111.66666667,0.02473237
샘코,7370,530.,0.07191316
샘표,39850,800.,0.02007528
샘표식품,33150,1046.66666667,0.03157366
서린바이오,9110,140.,0.01536773
서부T&D,8510,260.,0.03055229
서산,3460,815.,0.23554913
서암기계공업,5900,140.,0.02372881
서연,3015,52.33333333,0.01735766
서연이화,4820,137.33333333,0.02849239
서연탑메탈,2620,35.,0.01335878
서울가스,71400,3260.,0.04565826
서울리거,1430,75.,0.05244755
서울반도체,15000,300.,0.02
서울식품,164.,4.26666667,0.02601626
서울식품우,3440,68.33333333,0.01986434
서울옥션,5720,100.,0.01748252
서울전자통신,996,33.,0.03313253
서울제약,6570,180.,0.02739726
서원,1910,298.,0.15602094
서원인텍,7580,130.,0.0171504
서전기전,3675,93.33333333,0.02539683
서진시스템,24900,853.33333333,0.03427041
서진오토모티브,2020,40.,0.01980198
서플러스글로벌,2360,40.,0.01694915
서한,1140,15.,0.01315789
서호전기,22300,450.,0.02017937
서흥,34000,903.33333333,0.02656863
서희건설,1075,10.,0.00930233
선광,16700,850.,0.0508982
선데이토즈,20450,600.,0.02933985
선도전기,2980,87.,0.02919463
선익시스템,7560,210.,0.02777778
선진,9350,152.66666667,0.01632799
선창산업,4225.,117.33333333,0.0277712
성광벤드,9990,160.,0.01601602
성도이엔지,3375,85.,0.02518519
성문전자,2230,95.66666667,0.04289985
성문전자우,10700,720.,0.06728972
성보화학,4805,113.66666667,0.02365591
성신양회,7240.,240.,0.03314917
성신양회우,9950,277.33333333,0.0278727
성안,535,44.33333333,0.08286604
성우전자,2735,57.33333333,0.02096283
성우테크론,4140,105.,0.02536232
성우하이텍,3545,73.66666667,0.02078044
성창기업지주,1630,39.33333333,0.02413088
성창오토텍,8000,130.,0.01625
성호전자,813,10.,0.01230012
세경하이테크,32900,1800.,0.05471125
세기상사,57900,3540.,0.0611399
세동,815,20.,0.02453988
세명전기,4865,155.,0.03186023
세미콘라이트,591.,41.,0.06937394
세방,11400,240.,0.02105263
세방우,6490,38.,0.00585516
세방전지,37500,696.66666667,0.01857778
세보엠이씨,8060,140.,0.01736973
세아베스틸,15850,390.,0.02460568
세아제강,60800,986.66666667,0.01622807
세아제강지주,46850,713.33333333,0.0152259
세아특수강,13700,163.33333333,0.01192214
세아홀딩스,80800,1120.,0.01386139
세우글로벌,1985.,118.33333333,0.05961377
세운메디칼,3220,40.,0.01242236
세원,2810,170.,0.06049822
세원셀론텍,2775,88.66666667,0.03195195
세원정공,8090,0.,0.
세이브존I&C,3315,68.66666667,0.02071393
세종공업,4365,110.66666667,0.02535319
세종메디칼,7550,120.,0.01589404
세종텔레콤,375,15.,0.04
세중,3055,90.,0.0294599
세진중공업,4400.,113.33333333,0.02575758
세진티에스,2685,195.,0.0726257
세코닉스,6430,150.,0.02332815
세틀뱅크,29100,550.,0.01890034
세하,2530,146.,0.05770751
세화아이엠씨,2990,0.,0.
세화피앤씨,3010,145.,0.04817276
센트랄모텍,15200,2146.66666667,0.14122807
센트럴바이오,563,20.,0.03552398
셀리드,26300,1050.,0.03992395
셀리버리,56300,1500.,0.02664298
셀바스헬스케어,3590,555.,0.1545961
셀트리온,175500,4800.,0.02735043
셀트리온제약,36050,1136.66666667,0.03153028
셀트리온헬스케어,53700,1300.,0.02420857
소리바다,702,17.,0.02421652
소프트센,2355,150.,0.06369427
소프트센우,46650,3600.,0.07717042
손오공,1570,20.,0.01273885
솔고바이오,199,9.,0.04522613
솔루에타,2925,90.,0.03076923
솔본,4075,140.,0.03435583
솔브레인,83300,3400.,0.04081633
솔트웍스,6050,530.,0.08760331
송원산업,15150,310.,0.02046205
쇼박스,3625,120.,0.03310345
수산아이앤티,6790,140.,0.02061856
수산중공업,1485.,155.33333333,0.10460157
수성,2105,230.,0.10926366
수젠텍,5480,240.,0.04379562
수출포장,19200,333.33333333,0.01736111
슈펙스비앤피,317,16.,0.05047319
슈프리마,32900,850.,0.02583587
슈프리마아이디,19550,350.,0.01790281
슈프리마에이치큐,5790,120.,0.02072539
슈피겐코리아,49900,1650.,0.03306613
스맥,2320,40.,0.01724138
스카이라이프,8750,142.,0.01622857
스카이문스테크놀로지,750,47.,0.06266667
스킨앤스킨,326,13.,0.0398773
스타모빌리티,2900,195.,0.06724138
스타플렉스,6600,380.,0.05757576
스튜디오드래곤,77300,1300.,0.01681759
스페코,4050,180.,0.04444444
승일,8690,220.,0.02531646
시공테크,4825,70.,0.01450777
시그네틱스,1130,25.,0.02212389
시너지이노베이션,2035,55.,0.02702703
시노펙스,2715,80.,0.02946593
시디즈,40000,846.66666667,0.02116667
시스웍,2230,91.,0.04080717
시큐브,1510,35.,0.02317881
신대양제지,58000,1466.66666667,0.02528736
신도리코,37350,623.33333333,0.01668898
신라교역,12050.,206.66666667,0.01715076
신라섬유,2055,115.,0.05596107
신라에스지,8600,490.,0.05697674
신라젠,14000,250.,0.01785714
신성델타테크,3280.,111.33333333,0.03394309
신성이엔지,939,19.06666667,0.02030529
신성통상,1450.,50.,0.03448276
신세계,283500.,7300.,0.02574956
신세계 I&C,112000,2366.66666667,0.02113095
신세계건설,27400,763.33333333,0.02785888
신세계인터내셔날,211500,9100.,0.043026
신세계푸드,68400,1113.33333333,0.0162768
신송홀딩스,4110,107.33333333,0.02611517
신스타임즈,7190,1470.,0.20445063
신신제약,6640,180.66666667,0.02720884
신영스팩4호,2095,80.,0.03818616
신영스팩5호,2090,26.66666667,0.01275917
신영와코루,102000,1633.33333333,0.01601307
신영증권,54300.,760.,0.01399632
신영증권우,53000.,666.66666667,0.01257862
신원,1880,63.66666667,0.03386525
신원우,48050,1070.,0.02226847
신원종합개발,4190,90.,0.02147971
신일산업,1680,49.,0.02916667
신일제약,10050,190.,0.01890547
신진에스엠,5380,120.,0.02230483
신테카바이오,15100,1650.,0.10927152
신풍제약,6540,207.33333333,0.03170234
신풍제약우,5840.,189.33333333,0.03242009
신풍제지,1510,39.,0.02582781
신한,4945,0.,0.
신한알파리츠,8160,232.66666667,0.02851307
신한제4호스팩,2040,10.,0.00490196
신한제5호스팩,2020,25.,0.01237624
신한제6호스팩,2015,15.,0.00744417
신한지주,43600,796.66666667,0.01827217
신화실업,21000,556.66666667,0.02650794
신화인터텍,3770,185.,0.04907162
신화콘텍,2700,75.,0.02777778
신흥,9370,194.,0.02070438
신흥에스이씨,38050,1243.33333333,0.0326763
실리콘웍스,38450,800.,0.02080624
심텍,11750,500.,0.04255319
심텍홀딩스,1355,111.66666667,0.08241082
싸이맥스,10600,450.,0.04245283
싸이토젠,11650,350.,0.03004292
쌍방울,1015,26.33333333,0.02594417
쌍용양회,5490,101.33333333,0.0184578
쌍용양회우,12100.,456.66666667,0.03774105
쌍용정보통신,1890,180.,0.0952381
쌍용차,2095.,105.,0.05011933
써니전자,3525,162.33333333,0.04605201
썸에이지,552,28.,0.05072464
쎄노텍,2010,20.,0.00995025
쎄니트,1730,310.,0.17919075
쎄미시스코,7170,100.,0.013947
쎄트렉아이,18900,550.,0.02910053
쎌바이오텍,18100,1000.,0.05524862
쏠리드,5460,200.,0.03663004
씨아이에스,2455,40.,0.01629328
씨아이테크,450,13.46666667,0.02992593
씨앤지하이테크,8940,470.,0.05257271
씨에스베어링,8700,310.,0.03563218
씨에스윈드,35000,1216.66666667,0.0347619
씨엠에스에듀,5340,90.,0.01685393
씨유메디칼,2475,50.,0.02020202
씨젠,29450,900.,0.03056027
씨케이에이치,355,13.,0.03661972
씨큐브,8190,110.,0.01343101
씨트리,5320,120.,0.02255639
씨티씨바이오,6050,240.,0.03966942
씨티젠,2135,60.,0.02810304
씨티케이코스메틱스,13600,500.,0.03676471
아가방컴퍼니,3555,110.,0.03094233
아나패스,27550,950.,0.03448276
아난티,10550,350.,0.03317536
아남전자,2020,55.33333333,0.02739274
아리온,1260,135.,0.10714286
아모그린텍,11300,2100.,0.18584071
아모레G,82400,2393.33333333,0.02904531
아모레G우,32850,1223.33333333,0.03723998
아모레퍼시픽,192500,5566.66666667,0.02891775
아모레퍼시픽우,90300,2646.66666667,0.02930971
아모텍,28300,800.,0.02826855
아미노로직스,1925,35.,0.01818182
아미코젠,23500,950.,0.04042553
아바코,6090,160.,0.02627258
아바텍,7700,130.,0.01688312
아비코전자,5180,120.,0.02316602
아세아,105500.,2500.,0.02369668
아세아시멘트,75800,1220.,0.01609499
아세아제지,28750,736.66666667,0.02562319
아세아텍,3845,50.,0.0130039
아스타,5210,200.,0.03838772
아스트,8140,110.,0.01351351
아시아경제,2000,35.,0.0175
아시아나IDT,26950,1943.33333333,0.07210884
아시아나항공,5190,170.66666667,0.03288375
아시아종묘,5180,110.,0.02123552
아우딘퓨쳐스,7550,180.,0.02384106
아이디스,32450,1100.,0.03389831
아이디스홀딩스,12750,200.,0.01568627
아이마켓코리아,9990,258.,0.02582583
아이센스,25700,533.33333333,0.02075227
아이스크림에듀,7960,180.,0.02261307
아이쓰리시스템,21300,1250.,0.05868545
아이씨디,18600,600.,0.03225806
아이씨케이,1810,55.,0.03038674
아이앤씨,4980,140.,0.02811245
아이에스동서,33300,710.,0.02132132
아이에스이커머스,4275,125.,0.02923977
아이에이,511,16.,0.03131115
아이에이네트웍스,6470,140.,0.02163833
아이엠,1050,30.,0.02857143
아이엠텍,1195.,103.66666667,0.08675035
아이오케이,1615,60.,0.0371517
아이원스,6100,420.,0.06885246
아이즈비전,3325,40.,0.01203008
아이진,11900,550.,0.04621849
아이컴포넌트,5450,80.,0.0146789
아이큐어,34400,1450.,0.04215116
아이크래프트,2890,110.,0.03806228
아이텍,6760,630.,0.09319527
아이티센,6400,280.,0.04375
아이티엠반도체,36500,2050.,0.05616438
아주IB투자,1285,25.,0.01945525
아주캐피탈,11550,363.33333333,0.03145743
아즈텍WB,1855,40.,0.02156334
아진산업,2585,60.,0.02321083
아진엑스텍,7300,450.,0.06164384
아톤,30250,700.,0.0231405
아프리카TV,70200,1000.,0.01424501
안국약품,10550,250.,0.02369668
안랩,65500,2100.,0.03206107
안트로젠,39800,900.,0.02261307
알로이스,2295,45.,0.01960784
알루코,2340,165.66666667,0.07079772
알리코제약,13900,600.,0.04316547
알서포트,2565,60.,0.02339181
알에스오토메이션,8930,180.,0.02015677
알에프세미,5440,80.,0.01470588
알에프텍,7850,180.,0.02292994
알엔투테크놀로지,10850,346.66666667,0.03195084
알이피,2795,75.,0.02683363
알테오젠,57600,2500.,0.04340278
알톤스포츠,1325,70.,0.05283019
알티캐스트,2050,80.,0.03902439
알파홀딩스,7120,210.,0.02949438
압타바이오,26600,1550.,0.05827068
애경산업,27650,723.33333333,0.02616034
애경유화,7840,112.,0.01428571
애니젠,10100,270.,0.02673267
액션스퀘어,1410,100.,0.07092199
액토즈소프트,12500,650.,0.052
액트,4400,275.,0.0625
액트로,14300,750.,0.05244755
앤디포스,5000,250.,0.05
앤씨앤,2160,60.,0.02777778
앱클론,36850,1000.,0.02713704
야스,19150,250.,0.01305483
양지사,11150,1400.,0.12556054
어보브반도체,6860,310.,0.0451895
엄지하우스,3910,74.,0.01892583
에너토크,3620,35.,0.00966851
에넥스,1120,41.33333333,0.03690476
에버다임,4490,75.,0.01670379
에스넷,6830,90.,0.01317716
에스디생명공학,5000,90.,0.018
에스디시스템,2630,150.,0.05703422
에스맥,1085,125.,0.11520737
에스모,1660,240.,0.14457831
에스모 머티리얼즈,1130.,95.33333333,0.08436578
에스씨디,1320,30.,0.02272727
에스앤더블류,3630,580.,0.15977961
에스앤에스텍,13100,1850.,0.14122137
에스에너지,3800,116.33333333,0.03061404
에스에스알,5980,219.33333333,0.03667781
에스에이엠티,2335,55.,0.0235546
에스에이티,2200,80.,0.03636364
에스에프에이,44350,750.,0.01691094
에스엔유,2575,45.,0.01747573
에스엔텍비엠,1645,165.,0.10030395
에스엘,18350.,520.,0.02833787
에스엠,38300,923.33333333,0.02410792
에스엠코어,10050,400.,0.039801
에스와이,4095,50.,0.01221001
에스원,95500,2093.33333333,0.02191972
에스제이그룹,58900,1600.,0.02716469
에스제이케이,1520,265.,0.17434211
에스코넥,1775,80.,0.04507042
에스텍,12000,250.,0.02083333
에스텍파마,16800,1650.,0.09821429
에스트래픽,6750,70.,0.01037037
에스티아이,18050,250.,0.01385042
에스티오,2330,45.,0.0193133
에스티큐브,13050,986.66666667,0.07560664
에스티팜,27950,1050.,0.03756708
에스폴리텍,5660,370.,0.06537102
에스퓨얼셀,17450,450.,0.02578797
에스피시스템스,6720,420.,0.0625
에스피지,7180,360.,0.05013928
에쎈테크,1005,30.,0.02985075
에쓰씨엔지니어링,1425,68.66666667,0.04818713
에어부산,6260,252.,0.04025559
에이디칩스,1080,40.,0.03703704
에이디테크놀로지,14950,1400.,0.09364548
에이리츠,7050,192.,0.02723404
에이블씨엔씨,10150,378.66666667,0.03730706
에이비엘바이오,19500,850.,0.04358974
에이비프로바이오,751,44.,0.05858855
에이스침대,35950,350.,0.00973574
에이스테크,7910,380.,0.04804046
에이스토리,8080,250.,0.03094059
에이아이비트,440,18.,0.04090909
에이에프더블류,11900,400.,0.03361345
에이엔피,362,10.66666667,0.02946593
에이치시티,9800,110.,0.01122449
에이치엔티,2345,85.,0.03624733
에이치엘비,102200,4400.,0.04305284
에이치엘비생명과학,23400,1800.,0.07692308
에이치엘비파워,1690,210.,0.12426036
에이치엘사이언스,54100,1600.,0.02957486
에이치케이,1475,30.,0.02033898
에이테크솔루션,7000,191.33333333,0.02733333
에이텍,9220,170.,0.01843818
에이텍티앤,8780,140.,0.01594533
에이티넘인베스트,2005,45.,0.02244389
에이티세미콘,702,23.,0.03276353
에이프로젠 H&G,824,47.,0.05703883
에이프로젠 KIC,2525,250.33333333,0.09914191
에이프로젠제약,1110,130.66666667,0.11771772
에이피티씨,7230,270.,0.0373444
에치에프알,26800,800.,0.02985075
에코마이스터,4810,190.,0.03950104
에코마케팅,31050,1000.,0.03220612
에코바이오,4505,140.,0.03107658
에코캡,2870,40.,0.01393728
에코프로,19900,350.,0.01758794
에코프로비엠,48700,800.,0.0164271
에코플라스틱,1475,25.,0.01694915
에프알텍,5500,120.,0.02181818
에프앤가이드,4145,175.66666667,0.04238038
에프앤리퍼블릭,933,14.,0.01500536
에프에스티,7440,290.,0.03897849
에프엔씨엔터,8010,90.,0.01123596
에프엔에스테크,6370,519.33333333,0.081528
엑사이엔씨,1715,35.,0.02040816
엑세스바이오,2105,78.,0.03705463
엑셈,2815,60.,0.02131439
엑시콘,6400,150.,0.0234375
엔바이오니아,7910,430.,0.05436157
엔브이에이치코리아,2815,30.,0.01065719
엔시트론,407,18.,0.04422604
엔씨소프트,487000,15100.,0.03100616
엔에스,5400.,178.,0.03296296
엔에스쇼핑,9770.,256.66666667,0.0262709
엔에스엔,1750,260.,0.14857143
엔에이치스팩12호,2050,15.,0.00731707
엔에이치스팩13호,2050,45.,0.02195122
엔에이치스팩14호,2005,15.,0.0074813
엔지스테크널러지,4940,465.,0.09412955
엔지켐생명과학,57800,2380.,0.04117647
엔케이,1055.,53.66666667,0.05086888
엔케이맥스,10450,150.,0.01435407
엔케이물산,724,166.6,0.2301105
엔터메이트,704,6.,0.00852273
엔텔스,9160,510.,0.05567686
엔피케이,1860,30.,0.01612903
엘디티,2790,60.,0.02150538
엘브이엠씨홀딩스,4405,142.33333333,0.03231177
엘비세미콘,7540,130.,0.01724138
엘아이에스,11500,350.,0.03043478
엘앤씨바이오,21450,873.33333333,0.04071484
엘앤에프,20100,250.,0.01243781
엘엠에스,18600,800.,0.04301075
엘오티베큠,9300,450.,0.0483871
엘컴텍,1615,20.,0.0123839
엘티씨,12400,400.,0.03225806
엠게임,3430,108.66666667,0.03168124
엠씨넥스,36500,950.,0.0260274
엠아이텍,4120,100.,0.02427184
엠에스씨,4860,75.,0.0154321
엠에스오토텍,5780,150.,0.02595156
엠젠플러스,4075,130.,0.03190184
엠케이전자,7710,150.,0.01945525
엠플러스,16950,300.,0.01769912
연우,23300,250.,0.01072961
연이정보통신,6270,240.,0.03827751
영보화학,3455,56.,0.01620839
영신금속,1655,65.,0.03927492
영우디에스피,2350,340.,0.14468085
영원무역,35750,733.33333333,0.02051282
영원무역홀딩스,49950,1436.66666667,0.0287621
영인프런티어,6520,810.33333333,0.12428425
영진약품,6510.,247.33333333,0.03799283
영풍,641000,18200.,0.02839314
영풍정밀,8540,80.,0.00936768
영풍제지,2950,83.66666667,0.02836158
영화금속,1610,64.,0.03975155
영화테크,10100,170.,0.01683168
영흥철강,1145,34.33333333,0.02998544
예림당,3770,50.,0.0132626
예선테크,2685,230.,0.08566108
예스24,7500,140.,0.01866667
예스코홀딩스,37600.,623.33333333,0.01657801
예스티,13250,600.,0.04528302
오공,3335,35.,0.01049475
오디텍,4975,105.,0.02110553
오뚜기,556000,9466.66666667,0.01702638
오렌지라이프,28350,570.,0.02010582
오로라,12450,466.66666667,0.03748327
오르비텍,3585,110.,0.0306834
오리엔탈정공,827,10.,0.0120919
오리엔트바이오,277,15.,0.05415162
오리엔트정공,380,8.,0.02105263
오리온,102500,2966.66666667,0.02894309
오리온홀딩스,17300,413.33333333,0.0238921
오리콤,5050,110.,0.02178218
오상자이엘,6060,760.,0.12541254
오성첨단소재,2665,120.,0.04502814
오션브릿지,10300,400.,0.03883495
오스코텍,21450,950.,0.04428904
오스테오닉,3350,90.,0.02686567
오스템,1995,40.,0.02005013
오스템임플란트,40000,500.,0.0125
오이솔루션,53700,2000.,0.03724395
오킨스전자,3775,145.,0.0384106
오텍,11150,250.,0.02242152
오파스넷,6020,280.,0.04651163
오픈베이스,3270,75.,0.02293578
올리패스,22800,1850.,0.08114035
올릭스,38050,750.,0.01971091
옴니시스템,1915,55.,0.02872063
옴니텔,1370,35.,0.02554745
옵트론텍,7090,200.,0.02820874
옵티시스,7780,140.,0.01799486
옵티팜,9140,180.,0.01969365
와이솔,14450,250.,0.01730104
와이아이케이,3315,95.,0.02865762
와이엔텍,9810,466.66666667,0.04757051
와이엠씨,6290,660.,0.10492846
와이엠티,30650,2400.,0.07830343
와이오엠,9200,600.,0.06521739
와이제이엠게임즈,1680,30.,0.01785714
와이지-원,7570,110.,0.01453104
와이지엔터테인먼트,26100,450.,0.01724138
와토스코리아,5610,120.,0.02139037
용평리조트,6240,194.,0.03108974
우노앤컴퍼니,3950,70.,0.01772152
우리금융지주,11700,246.66666667,0.02108262
우리기술,986,35.,0.03549696
우리기술투자,2530,55.,0.02173913
우리넷,10700,300.,0.02803738
우리들제약,6010.,226.,0.03760399
우리들휴브레인,2290,192.66666667,0.08413392
우리로,2315,50.,0.02159827
우리바이오,1115,35.,0.03139013
우리산업,19650,200.,0.01017812
우리산업홀딩스,2975,50.,0.01680672
우리손에프앤지,1955,55.,0.02813299
우리이앤엘,831,92.,0.11070999
우리조명,1205,65.,0.05394191
우리종금,640,9.4,0.0146875
우림기계,3250,125.,0.03846154
우성사료,2900,103.66666667,0.03574713
우수AMS,3190,70.,0.02194357
우신시스템,4600.,153.66666667,0.0334058
우양,3995,215.,0.05381727
우원개발,6350,600.,0.09448819
우정바이오,5480,80.,0.01459854
우주일렉트로,8180.,217.33333333,0.02656887
우진,4440,167.66666667,0.03776276
우진비앤지,2510,75.,0.02988048
우진아이엔에스,7960,199.33333333,0.02504188
우진플라임,3625.,92.33333333,0.02547126
웅진,1360,51.66666667,0.0379902
웅진씽크빅,2755.,104.66666667,0.03799153
웅진에너지,9140,0.,0.
웅진코웨이,91300,2300.,0.02519168
원림,17300,406.66666667,0.02350674
원익,3895,110.,0.02824134
원익IPS,33900,1450.,0.04277286
원익QnC,15300,650.,0.04248366
원익머트리얼즈,28500,850.,0.02982456
원익큐브,2085,35.,0.01678657
원익홀딩스,4650,190.,0.04086022
원일특강,8820,80.,0.00907029
원풍,3955,50.,0.01264223
원풍물산,3395,140.,0.04123711
월덱스,7890,310.,0.03929024
웨이브일렉트로,19400,500.,0.0257732
웰바이오텍,2240,163.33333333,0.07291667
웰크론,3630,55.,0.01515152
웰크론강원,3650,335.,0.09178082
웰크론한텍,1880,50.,0.02659574
웹스,1925,60.,0.03116883
웹젠,15800,423.33333333,0.02679325
웹케시,40200,900.,0.02238806
위니아딤채,3025,170.,0.05619835
위닉스,25200,400.,0.01587302
위메이드,29250,1300.,0.04444444
위즈코프,1110,20.,0.01801802
위지윅스튜디오,15950,450.,0.02821317
위지트,875,17.,0.01942857
윈스,13100,250.,0.01908397
윈팩,1995,85.,0.04260652
윈하이텍,3675,95.,0.02585034
윌링스,11850,400.,0.03375527
윌비스,1310,60.,0.04580153
유나이티드제약,18650,373.33333333,0.02001787
유니드,46650,1110.,0.02379421
유니맥스글로벌,1700,70.,0.04117647
유니셈,5310,190.,0.03578154
유니슨,988,97.,0.09817814
유니온,4070,106.66666667,0.02620803
유니온머티리얼,2480,88.,0.03548387
유니온커뮤니티,2750,65.,0.02363636
유니켐,2005,56.66666667,0.02826268
유니퀘스트,6200,199.33333333,0.03215054
유니크,6040,100.,0.01655629
유니테스트,14100,450.,0.03191489
유니테크노,8930,396.,0.0443449
유니트론텍,6770,440.,0.06499261
유라테크,6420,660.,0.10280374
유바이오로직스,7000,100.,0.01428571
유비벨록스,6480,110.,0.01697531
유비케어,5540,140.,0.02527076
유비쿼스,27850,400.,0.01436266
유비쿼스홀딩스,19650,550.,0.02798982
유성기업,2650,36.33333333,0.01371069
유성티엔에스,2925,60.,0.02051282
유수홀딩스,6670,190.66666667,0.02858571
유신,20400,850.,0.04166667
유아이디,1260,325.,0.25793651
유아이엘,5360,80.,0.01492537
유안타제3호스팩,2080,25.,0.01201923
유안타제4호스팩,2045,15.,0.00733496
유안타제5호스팩,2000,10.,0.005
유안타제6호스팩,2005,10.,0.00498753
유안타증권,2800,48.,0.01714286
유안타증권우,2070.,45.,0.02173913
유앤아이,5650,70.,0.01238938
유양디앤유,5160,258.,0.05
유에스티,3485,90.,0.02582496
유엔젤,5840.,472.,0.08082192
유유제약,10500,466.66666667,0.04444444
유유제약1우,7120,359.33333333,0.05046816
유유제약2우B,18700,1363.33333333,0.07290553
유진기업,4995,65.,0.01301301
유진로봇,2960.,99.33333333,0.03355856
유진스팩4호,2035,25.,0.01228501
유진스팩5호,2005,10.,0.00498753
유진테크,15650,600.,0.03833866
유진투자증권,2135,49.,0.02295082
유테크,2300,85.,0.03695652
유티아이,16800,600.,0.03571429
유틸렉스,63600,2800.,0.04402516
유한양행,216000,4033.33333333,0.01867284
유한양행우,205000,3500.,0.01707317
유화증권,12850,240.,0.01867704
유화증권우,13150,120.,0.00912548
육일씨엔에쓰,2370,90.,0.03797468
율촌화학,13650,250.,0.01831502
율호,1365,50.,0.03663004
이건산업,7340.,196.,0.026703
이건홀딩스,2630,35.,0.01330798
이구산업,1560,88.33333333,0.05662393
이그잭스,1330,75.,0.05639098
이글루시큐리티,4390,110.,0.02505695
이글벳,6580,170.,0.02583587
이노메트리,29900,600.,0.02006689
이노션,65300.,1693.33333333,0.0259316
이노와이어리스,27800,1063.33333333,0.0382494
이노인스트루먼트,3135,75.,0.02392344
이노테라피,13750,850.,0.06181818
이녹스,6200,340.,0.05483871
이녹스첨단소재,52400,800.,0.01526718
이니텍,5150,70.,0.01359223
이더블유케이,11550,1322.66666667,0.11451659
이라이콤,5440,170.,0.03125
이랜시스,2005,105.,0.05236908
이랜텍,5900,268.,0.04542373
이루온,1460,65.,0.04452055
이리츠코크렙,7000,209.33333333,0.02990476
이마트,128000,3366.66666667,0.02630208
이미지스,2825,125.,0.04424779
이베스트이안스팩1호,2035,20.,0.00982801
이베스트투자증권,6150,70.,0.01138211
이상네트웍스,7230,110.,0.01521438
이수앱지스,6650,150.,0.02255639
이수페타시스,3640,113.66666667,0.03122711
이수화학,10300.,248.66666667,0.02414239
이스타코,592,15.,0.02533784
이스트소프트,7330,150.,0.02046385
이씨에스,4590,60.,0.0130719
이아이디,227.,10.66666667,0.04698972
이에스브이,171,6.,0.03508772
이에스산업,4600,0.,0.
이에스에이,2060,485.,0.23543689
이엑스티,3360,85.,0.02529762
이엔에프테크놀로지,27400,1000.,0.03649635
이엘피,11500,950.,0.0826087
이엠넷,3485,80.,0.02295552
이엠코리아,4255,45.,0.01057579
이엠텍,8760,340.,0.03881279
이연제약,14950,436.66666667,0.02920847
이오테크닉스,92200,1600.,0.01735358
이원컴포텍,15850,3400.,0.21451104
이월드,5390.,403.,0.07476809
이즈미디어,4830,85.,0.01759834
이지바이오,4775,45.,0.00942408
이지웰페어,10850,700.,0.06451613
이지케어텍,15800,300.,0.01898734
이크레더블,18650,200.,0.01072386
이테크건설,71800,3200.,0.04456825
이트론,249,8.,0.03212851
이퓨쳐,5780,250.,0.0432526
이화공영,4775,45.,0.00942408
이화산업,15350,290.,0.01889251
이화전기,215,4.,0.01860465
인디에프,2445.,129.33333333,0.05289707
인바디,23150,400.,0.01727862
인베니아,2580,80.,0.03100775
인산가,1890,90.,0.04761905
인선이엔티,8300,234.66666667,0.02827309
인성정보,2200,155.,0.07045455
인스코비,2990,143.66666667,0.04804905
인지디스플레,2135,40.,0.01873536
인지컨트롤스,4580,119.33333333,0.02605531
인천도시가스,29600,286.66666667,0.00968468
인콘,1495,45.,0.03010033
인크로스,24550,1300.,0.05295316
인탑스,12350,450.,0.03643725
인터로조,26250,400.,0.0152381
인터엠,2400,45.,0.01875
인터지스,2270,76.66666667,0.03377386
인터파크,5090,50.,0.00982318
인터파크홀딩스,2095,50.,0.02386635
인터플렉스,16100,500.,0.0310559
인텍플러스,4380,186.66666667,0.04261796
인텔리안테크,36000,1850.,0.05138889
인트로메딕,3350,250.,0.07462687
인트론바이오,13700,400.,0.02919708
인팩,3840,63.,0.01640625
인포마크,11350,700.,0.06167401
인포바인,21900,400.,0.01826484
인포뱅크,6010,80.,0.01331115
인프라웨어,1230,155.33333333,0.12628726
인피니트헬스케어,5700,136.66666667,0.02397661
일동제약,16200,303.33333333,0.01872428
일동홀딩스,10950,213.33333333,0.0194825
일성건설,1265,68.33333333,0.05401845
일성신약,83700,1320.,0.01577061
일신바이오,1980,117.,0.05909091
일신방직,72700.,846.66666667,0.01164603
일신석재,2470.,143.,0.05789474
일야,1710,510.,0.29824561
일양약품,21700,620.,0.02857143
일양약품우,16700,530.,0.03173653
일정실업,18600,186.66666667,0.01003584
일지테크,3690,75.,0.0203252
일진다이아,27500.,806.66666667,0.02933333
일진디스플,3185,168.66666667,0.05295657
일진머티리얼즈,40050,1166.66666667,0.02913025
일진전기,3065,160.,0.05220228
일진파워,5630,90.,0.01598579
일진홀딩스,3945,502.,0.12724968
잇츠한불,18300.,553.33333333,0.03023679
잉글우드랩,4500,105.,0.02333333
잉크테크,3970,120.,0.0302267
자비스,1920,85.,0.04427083
자연과환경,1015,15.,0.01477833
자이글,5850,180.,0.03076923
자이에스앤디,5820,255.33333333,0.04387171
자화전자,10100,322.66666667,0.03194719
장원테크,2725,145.,0.05321101
재영솔루텍,1080,80.,0.07407407
전방,15450.,423.33333333,0.02740022
전진바이오팜,6940,340.,0.04899135
전파기지국,3305,60.,0.01815431
정다운,2460,69.,0.02804878
정산애강,2095,45.,0.02147971
정상제이엘에스,7870,40.,0.00508259
정원엔시스,1520,164.66666667,0.10833333
제낙스,4540,1145.,0.25220264
제너셈,3215,260.,0.08087092
제넥신,57200,1300.,0.02272727
제넨바이오,1890,50.,0.02645503
제노레이,21950,600.,0.02733485
제노포커스,5640,110.,0.01950355
제닉,4960,110.,0.02217742
제로투세븐,9830,360.66666667,0.0366904
제룡산업,5970,120.,0.0201005
제룡전기,6580,170.,0.02583587
제우스,12350,550.,0.04453441
제이브이엠,29000,650.,0.02241379
제이스테판,1640,85.,0.05182927
제이스텍,12350,500.,0.04048583
제이씨케미칼,5450,160.,0.0293578
제이씨현시스템,4800,85.,0.01770833
제이에스코퍼레이션,11700.,350.,0.02991453
제이에스티나,4225,100.,0.02366864
제이엔케이히터,4725,100.,0.02116402
제이엘케이인스펙션,7400,890.,0.12027027
제이엠아이,1360,170.,0.125
제이엠티,3910,240.,0.06138107
제이웨이,1780,470.,0.26404494
제이준코스메틱,4295,181.66666667,0.04229724
제이콘텐트리,39900,960.,0.02406015
제이티,5120,240.,0.046875
제일기획,24250,663.33333333,0.02735395
제일바이오,7380,490.,0.06639566
제일약품,34150,1560.,0.04568082
제일연마,6680,248.,0.03712575
제일제강,2300,55.,0.02391304
제일테크노스,4225.,138.66666667,0.03282051
제일파마홀딩스,18150,523.33333333,0.02883379
제주반도체,3820,175.,0.04581152
제주은행,4030,38.,0.00942928
제주항공,24050,1300.,0.05405405
제테마,19950,1450.,0.0726817
젬백스,33600,1400.,0.04166667
젬백스지오,1570,80.,0.05095541
조광ILI,7400,310.,0.04189189
조광페인트,5520,128.66666667,0.02330918
조광피혁,39600,1036.66666667,0.02617845
조비,15700,610.,0.0388535
조선내화,86900,2113.33333333,0.02431914
조선선재,80400,1226.66666667,0.01525705
조아제약,3775,100.,0.02649007
조이맥스,4100,75.,0.01829268
조이시티,8070,120.,0.01486989
조일알미늄,739.,17.6,0.02381597
조흥,149500.,2166.66666667,0.01449275
종근당,92100,1566.66666667,0.0170105
종근당바이오,29700,700.,0.02356902
종근당홀딩스,93700.,3340.,0.03564568
좋은사람들,3140,60.,0.01910828
주성엔지니어링,7540,110.,0.01458886
주연테크,583.,64.46666667,0.11057747
줌인터넷,4570,245.,0.0536105
중앙백신,17750,250.,0.01408451
중앙에너비스,8370,1850.,0.22102748
중앙오션,1835,85.,0.04632153
지노믹트리,23100,1390.,0.06017316
지누스,86700,3246.66666667,0.03744714
지니뮤직,3550,95.,0.02676056
지니언스,5390,220.,0.04081633
지니틱스,2740,65.,0.02372263
지란지교시큐리티,6120,100.,0.01633987
지스마트글로벌,338,29.,0.08579882
지어소프트,4080,145.,0.03553922
지에스이,1460,25.,0.01712329
지엔씨에너지,4450,110.,0.0247191
지엔코,1215,65.,0.05349794
지엘팜텍,1125,70.,0.06222222
지엠비코리아,4815,115.33333333,0.02395292
지역난방공사,48100,723.33333333,0.01503812
지코,855,50.93333333,0.05957115
지투알,6800,114.66666667,0.01686275
지트리비앤티,29000,1250.,0.04310345
지티지웰니스,3490,80.,0.02292264
진도,3855,112.33333333,0.02913965
진로발효,30900,350.,0.01132686
진매트릭스,2205,110.,0.04988662
진바이오텍,5890,120.,0.02037351
진성티이씨,7030,80.,0.0113798
진양산업,4030,128.33333333,0.0318445
진양제약,4220,85.,0.02014218
진양폴리,2915,105.66666667,0.03624929
진양홀딩스,2625,38.66666667,0.01473016
진양화학,5440,216.66666667,0.03982843
진에어,14300,413.33333333,0.02890443
진원생명과학,2458.94995117,119.28733724,0.04851149
진흥기업,2355.,131.,0.05562633
진흥기업2우B,13850.,1193.33333333,0.08616125
진흥기업우B,5060,249.,0.04920949
차바이오텍,14200,350.,0.02464789
참엔지니어링,1280,61.66666667,0.04817708
참좋은여행,6660,120.,0.01801802
창해에탄올,12900,150.,0.01162791
천보,54400,1100.,0.02022059
천일고속,71700,766.66666667,0.0106927
청담러닝,19400,383.33333333,0.01975945
청보산업,2335,50.,0.02141328
청호컴넷,2575,151.66666667,0.05889968
체리부로,2765,130.,0.04701627
체시스,2790,159.66666667,0.0572282
초록뱀,1275,25.,0.01960784
칩스앤미디어,9040,90.,0.00995575
카리스국보,2865,183.66666667,0.06410704
카스,1500,60.,0.04
카카오,156500,3266.66666667,0.02087327
카페24,48600,750.,0.0154321
카프로,3065,83.33333333,0.02718869
캐리소프트,7650,520.,0.06797386
캐스텍코리아,2650,65.,0.0245283
캠시스,2880,120.,0.04166667
컨버즈,3260,376.66666667,0.11554192
컴투스,105600,2000.,0.01893939
컴퍼니케이,7810,740.,0.09475032
케어랩스,14700,350.,0.02380952
케이디켐,12500,150.,0.012
케이맥,10500,316.66666667,0.03015873
케이비17호스팩,2030,15.,0.00738916
케이비아이동국실업,720,15.,0.02083333
케이비제11호스팩,1980,110.,0.05555556
케이비제18호스팩,2010,5.,0.00248756
케이비제19호스팩,2015,15.,0.00744417
케이사인,1145,25.,0.02183406
케이씨,13600,516.66666667,0.0379902
케이씨에스,4625,125.,0.02702703
케이씨텍,17900,906.66666667,0.05065177
케이씨티,2415,45.,0.01863354
케이씨피드,2450,95.,0.03877551
케이아이엔엑스,35850,900.,0.0251046
케이알피앤이,916,53.,0.05786026
케이에스피,1765,35.,0.01983003
케이엔더블유,4300,90.,0.02093023
케이엔제이,11550,750.,0.06493506
케이엘넷,2315,30.,0.01295896
케이엠,7380,90.,0.01219512
케이엠더블유,50100,1600.,0.03193613
케이엠제약,2840,300.,0.1056338
케이탑리츠,917,20.73333333,0.02260996
케이프,2180,60.,0.02752294
케이피에스,13400,550.,0.04104478
케이피에프,4735,50.,0.01055966
케이피엠테크,1185,55.,0.0464135
케이피티유,4585,145.,0.03162486
켐온,1440.,31.,0.02152778
켐트로닉스,16050,750.,0.04672897
켐트로스,3205,105.,0.03276131
코나아이,14600,250.,0.01712329
코너스톤네트웍스,1050,55.,0.05238095
코닉글로리,1305,100.,0.07662835
코데즈컴바인,2780,40.,0.01438849
코디엠,540,25.,0.0462963
코렌,1865,85.,0.04557641
코리아나,4005,130.,0.03245943
코리아센터,18200,1450.,0.07967033
코리아써우,3580,137.,0.03826816
코리아써키트,10700,628.66666667,0.05875389
코리아써키트2우B,4520,107.,0.02367257
코리아에셋투자증권,10650,1000.,0.09389671
코리아에스이,1630,30.,0.01840491
코리아에프티,2960,50.,0.01689189
코리아오토글라스,15900.,403.33333333,0.02536688
코리안리,8390,199.33333333,0.02375844
코맥스,4250,95.,0.02235294
코메론,8150,160.,0.0196319
코미코,27650,500.,0.01808318
코미팜,14800,2600.,0.17567568
코세스,7930,210.,0.02648172
코센,1450,103.66666667,0.07149425
코스맥스,79500,1966.66666667,0.02473795
코스맥스비티아이,13300.,443.33333333,0.03333333
코스맥스엔비티,6330,160.,0.02527646
코스메카코리아,11950,400.,0.0334728
코스모신소재,7740.,611.33333333,0.07898363
코스모화학,4300,675.,0.15697674
코스온,6580,250.,0.03799392
코썬바이오,1330,70.,0.05263158
코아스,1355,45.33333333,0.03345633
코아스템,9010,380.,0.04217536
코아시아,5990,150.,0.02504174
코엔텍,9880,203.33333333,0.0205803
코오롱,18100.,390.,0.02154696
코오롱글로벌,9320,242.,0.02596567
코오롱글로벌우,16500,713.33333333,0.04323232
코오롱머티리얼,1515,81.,0.05346535
코오롱생명과학,18250,500.,0.02739726
코오롱우,11250.,213.33333333,0.01896296
코오롱인더,49100,1130.,0.02301426
코오롱인더우,22600,380.,0.01681416
코오롱플라스틱,4370,82.33333333,0.01884058
코웰패션,5570,310.,0.0556553
코위버,8670,170.,0.01960784
코윈테크,23400,300.,0.01282051
코이즈,1380,30.,0.02173913
코콤,6550,90.,0.01374046
코텍,13050,300.,0.02298851
코프라,3775,100.,0.02649007
콜마비앤에이치,26400,610.,0.02310606
콤텍시스템,1630.,72.33333333,0.04437628
쿠쿠홀딩스,107000,2726.66666667,0.02548287
쿠쿠홈시스,45000,1426.66666667,0.0317037
큐렉소,4595,140.,0.0304679
큐로,1030,84.06666667,0.08161812
큐로컴,1695,95.,0.0560472
큐로홀딩스,935,198.,0.21176471
큐리언트,29800,1400.,0.04697987
큐브앤컴퍼니,2710,85.,0.03136531
큐브엔터,3970,150.,0.03778338
큐에스아이,11150.,482.66666667,0.04328849
큐캐피탈,666,130.,0.1951952
크라운제과,8430,136.66666667,0.01621194
크라운제과우,7500,174.,0.0232
크라운해태홀딩스,10600.,236.66666667,0.02232704
크라운해태홀딩스우,12350.,286.66666667,0.02321188
크루셜텍,938,22.,0.02345416
크리스에프앤씨,19300,613.33333333,0.03177893
크리스탈,13800,700.,0.05072464
크리스탈신소재,1765,40.,0.02266289
크린앤사이언스,26550,700.,0.02636535
클래시스,14150,600.,0.04240283
클리오,18400,890.,0.04836957
키네마스터,11650,650.,0.05579399
키다리스튜디오,4045,169.33333333,0.04186238
키움제5호스팩,2035,15.,0.00737101
키움증권,75100,1506.66666667,0.02006214
키위미디어그룹,3797.4699707,0.,0.
키이스트,2355,110.,0.04670913
타이거일렉,5470,190.,0.03473492
탑엔지니어링,9950,230.,0.02311558
태경산업,5550.,117.33333333,0.02114114
태경화학,4905,73.33333333,0.01495073
태광,9930,220.,0.02215509
태광산업,1075000,22200.,0.02065116
태림포장,4235,124.66666667,0.02943723
태양,8160,50.,0.00612745
태양금속,1175,60.66666667,0.05163121
태양금속우,2860,97.66666667,0.03414918
태영건설,11500,326.66666667,0.0284058
태영건설우,6670,141.33333333,0.02118941
태웅,8850,150.,0.01694915
태웅로직스,5420,330.,0.06088561
태원물산,4095,103.66666667,0.02531543
태평양물산,2600,57.,0.02192308
테고사이언스,23100,750.,0.03246753
테라셈,2505,385.,0.15369261
테라젠이텍스,8340,520.,0.06235012
테스,24150,750.,0.0310559
테스나,44550,2100.,0.04713805
테이팩스,21400,520.,0.02429907
테크윙,12550,550.,0.0438247
텔레칩스,10600,200.,0.01886792
텔레필드,3430,85.,0.02478134
텔코웨어,14500,343.33333333,0.02367816
텔콘RF제약,7790,370.,0.04749679
토니모리,10600.,698.,0.06584906
토박스코리아,1345,55.,0.04089219
토비스,9520,220.,0.02310924
토탈소프트,3155,175.,0.05546751
톱텍,9750,250.,0.02564103
투비소프트,2710,80.,0.0295203
툴젠,50300,2553.33333333,0.05076209
트루윈,5680,240.,0.04225352
특수건설,6440,350.,0.05434783
티라유텍,14850,800.,0.05387205
티로보틱스,10800,350.,0.03240741
티비씨,1220,55.,0.04508197
티씨케이,52000,2170.,0.04173077
티앤알바이오팹,9970,150.,0.01504514
티에스이,12950,800.,0.06177606
티에이치엔,3480,138.66666667,0.03984674
티엘아이,4990,70.,0.01402806
티움바이오,15650,1300.,0.08306709
티웨이항공,5350,275.33333333,0.05146417
티웨이홀딩스,1620,51.33333333,0.03168724
티케이케미칼,2170,90.,0.04147465
티플랙스,2315,65.,0.02807775
티피씨글로벌,2460,35.,0.01422764
팅크웨어,7210,320.,0.0443828
파나진,2325,40.,0.0172043
파라다이스,19300,400.,0.02072539
파라텍,4570,75.,0.01641138
파루,2165,110.,0.05080831
파마리서치프로덕트,34550,1050.,0.03039074
파멥신,36100,1000.,0.02770083
파미셀,7840,327.33333333,0.0417517
파버나인,5250,360.,0.06857143
파세코,9180,130.,0.01416122
파수닷컴,3610,120.,0.033241
파워넷,4195,75.,0.01787843
파워로직스,10300,610.,0.0592233
파이오링크,7840,430.,0.05484694
파인넥스,701,0.,0.
파인디앤씨,2020,85.,0.04207921
파인디지털,3950,95.,0.02405063
파인테크닉스,3905,475.,0.12163892
파인텍,1980,160.,0.08080808
파커스,2825,55.,0.01946903
파크시스템스,38800,800.,0.02061856
파트론,13750,500.,0.03636364
팍스넷,4080,380.,0.09313725
판타지오,650,24.,0.03692308
팜스빌,11350,600.,0.05286344
팜스코,4565,125.,0.02738226
팜스토리,1075,15.,0.01395349
패션플랫폼,1240,55.,0.04435484
팬스타엔터프라이즈,979,47.4,0.04841675
팬엔터테인먼트,4975,245.,0.04924623
팬오션,4225,90.33333333,0.02138067
팬젠,7970,140.,0.01756587
퍼스텍,2070,60.,0.02898551
퍼시스,29550.,346.66666667,0.01173153
펄어비스,184800,3800.,0.02056277
펌텍코리아,18350,300.,0.01634877
페이퍼코리아,667.,26.,0.03898051
펩트론,16650,750.,0.04504505
평화산업,1210,47.66666667,0.03939394
평화정공,8290,260.,0.03136309
평화홀딩스,3585,165.,0.0460251
포메탈,2940,125.,0.04251701
포비스티앤씨,1540,100.,0.06493506
포스링크,1460,0.,0.
포스코 ICT,5210,80.,0.01535509
포스코강판,17650,380.,0.02152975
포스코엠텍,4845,70.,0.01444788
포스코인터내셔널,18400,370.,0.0201087
포스코케미칼,48150,1240.,0.02575286
포시에스,6070,120.,0.01976936
포인트엔지니어링,1985,185.,0.09319899
포티스,640,24.,0.0375
폴루스바이오팜,1225,0.,0.
푸드나무,16150,570.,0.03529412
푸드웰,5690,140.,0.02460457
푸른기술,17500,1250.,0.07142857
푸른저축은행,8190,80.,0.00976801
풀무원,9380,367.33333333,0.03916134
풍강,3135,65.,0.02073365
풍국주정,16500,300.,0.01818182
풍산,21450,656.66666667,0.03061383
풍산홀딩스,33700,393.33333333,0.01167161
퓨전,5300,2620.,0.49433962
퓨쳐스트림네트웍스,1130,20.,0.01769912
퓨쳐켐,13800,450.,0.0326087
프럼파스트,3310,101.66666667,0.03071501
프로스테믹스,3405,85.,0.02496329
프로텍,15700,250.,0.01592357
프리엠스,5770,120.,0.02079723
플랜티넷,4550,88.,0.01934066
플레이위드,16850,450.,0.02670623
플리토,17500,650.,0.03714286
피델릭스,1595,45.,0.02821317
피씨디렉트,9870,1820.,0.18439716
피씨엘,7980,170.,0.02130326
피앤씨테크,5510,100.,0.01814882
피앤이솔루션,9780,380.66666667,0.03892297
피에스엠씨,995,35.,0.03517588
피에스케이,23000,1550.,0.0673913
피에스케이홀딩스,8620,250.,0.02900232
피에스텍,4060,80.,0.01970443
피엔티,7010,180.,0.0256776
피제이메탈,2575,130.,0.05048544
피제이전자,4950,172.66666667,0.03488215
픽셀플러스,4130,70.,0.01694915
필로시스헬스케어,1375,65.,0.04727273
필룩스,8600,526.,0.06116279
필링크,1545,60.,0.03883495
필옵틱스,9940,270.,0.02716298
하나금융10호스팩,2035,30.,0.01474201
하나금융13호스팩,2055,15.,0.00729927
하나금융14호스팩,2015,10.,0.00496278
하나금융지주,36000,763.33333333,0.0212037
하나니켈1호,380.76000977,28.74066772,0.07548237
하나니켈2호,385.57998657,304.53933716,0.78982143
하나마이크론,5430,320.,0.05893186
하나머스트제6호스팩,2050,25.,0.01219512
하나머티리얼즈,18950,800.,0.04221636
하나제약,22550,626.66666667,0.0277901
하나투어,48500,1116.66666667,0.02302405
하림,2820,45.,0.01595745
하림지주,8170,100.,0.0122399
하이골드12호,2785,13.66666667,0.00490724
하이골드3호,1800,11.,0.00611111
하이골드8호,2170,18.33333333,0.00844854
하이로닉,5500,120.,0.02181818
하이록코리아,17300,490.,0.0283237
하이비젼시스템,11950,450.,0.0376569
하이셈,5970,250.,0.04187605
하이스틸,19350,520.,0.02687339
하이제4호스팩,2045,20.,0.00977995
하이즈항공,4945,90.,0.0182002
하이텍팜,10950,250.,0.02283105
하이트론,3170.,128.,0.04037855
하이트진로,27800,786.66666667,0.02829736
하이트진로2우B,17700,183.33333333,0.01035782
하이트진로홀딩스,12850,426.66666667,0.03320363
하이트진로홀딩스우,15700.,910.,0.05796178
하츠,7290,220.,0.03017833
한국ANKOR유전,1822.54003906,76.74265951,0.04210753
한국가구,4280,160.,0.03738318
한국가스공사,37450,560.,0.01495327
한국경제TV,4650,60.,0.01290323
한국공항,41200,1360.,0.03300971
한국금융지주,72000,1773.33333333,0.02462963
한국금융지주우,44100,1100.,0.02494331
한국기업평가,60600,500.,0.00825083
한국내화,4125,128.33333333,0.03111111
한국단자,40600,1530.,0.03768473
한국맥널티,5730,280.,0.04886562
한국바이오젠,6820,160.,0.02346041
한국비엔씨,1770,50.,0.02824859
한국석유,104000,2120.,0.02038462
한국선재,3000,70.,0.02333333
한국쉘석유,332500.,3766.66666667,0.01132832
한국아트라스비엑스,51100,900.,0.01761252
한국알콜,7390,120.,0.01623816
한국유니온제약,13500,300.,0.02222222
한국자산신탁,3515,82.66666667,0.02351826
한국전력,28250,766.66666667,0.02713864
한국전자금융,7480,180.,0.02406417
한국전자인증,4425,135.,0.03050847
한국전자홀딩스,725,13.86666667,0.01912644
한국정밀기계,2685,185.,0.0689013
한국정보공학,3065,60.,0.01957586
한국정보인증,3850,80.,0.02077922
한국정보통신,6890,140.,0.0203193
한국제5호스팩,2050,20.,0.0097561
한국제6호스팩,2050,15.,0.00731707
한국제7호스팩,2070,30.,0.01449275
한국제8호스팩,2035,20.,0.00982801
한국제지,17550,406.66666667,0.02317189
한국조선해양,121500,2466.66666667,0.02030178
한국종합기술,4000,104.,0.026
한국주강,1625.,124.33333333,0.07651282
한국주철관,9970.,346.66666667,0.03477098
한국철강,4880,83.33333333,0.0170765
한국카본,7420,163.33333333,0.02201258
한국캐피탈,543,6.,0.01104972
한국컴퓨터,3085,50.,0.01620746
한국코퍼레이션,1810,55.,0.03038674
한국콜마,47250,1113.33333333,0.02356261
한국콜마홀딩스,21900,496.66666667,0.02267884
한국큐빅,2770,90.,0.03249097
한국타이어앤테크놀로지,33600,800.,0.02380952
한국테크놀로지,1735,50.,0.02881844
한국테크놀로지그룹,14450,350.,0.02422145
한국토지신탁,2145,34.,0.01585082
한국특수형강,1630,121.,0.07423313
한국팩키지,2130,40.,0.01877934
한국프랜지,2015,84.33333333,0.04185277
한국항공우주,36700,693.33333333,0.01889192
한국화장품,11000,1025.33333333,0.09321212
한국화장품제조,33000,2190.,0.06636364
한글과컴퓨터,9980,236.,0.02364729
한네트,3130,70.,0.02236422
한농화성,4300,78.66666667,0.01829457
한독,21500,336.66666667,0.01565891
한독크린텍,15550,300.,0.0192926
한라,2995.,58.,0.01936561
한라IMS,7600,330.,0.04342105
한라홀딩스,46900,1420.,0.03027719
한류AI센터,1355,315.,0.23247232
한미글로벌,9280,372.66666667,0.04015805
한미반도체,6130,344.66666667,0.05622621
한미사이언스,39350,1096.66666667,0.02786955
한미약품,323500,8366.66666667,0.02586296
한빛소프트,3430,95.,0.02769679
한샘,63700,1533.33333333,0.02407117
한섬,31350,730.,0.02328549
한성기업,5570,151.33333333,0.02716936
한세실업,17650,436.66666667,0.02474032
한세엠케이,4310,123.66666667,0.02869296
한세예스24홀딩스,7560,224.66666667,0.02971781
한솔PNS,1580.,59.66666667,0.03776371
한솔로지스틱스,1385,28.33333333,0.02045728
한솔시큐어,6420,340.,0.0529595
한솔씨앤피,8140,220.,0.02702703
한솔인티큐브,3135,230.,0.07336523
한솔제지,14600,250.,0.01712329
한솔케미칼,98600,4173.33333333,0.0423259
한솔테크닉스,8180,442.66666667,0.05411573
한솔홀딩스,4030,55.66666667,0.01381307
한솔홈데코,1110,30.,0.02702703
한송네오텍,1280,35.,0.02734375
한스바이오메드,23700,700.,0.02953586
한신공영,14650,380.,0.02593857
한신기계,1635,32.66666667,0.01997961
한양디지텍,5890,90.,0.01528014
한양이엔지,11800,200.,0.01694915
한양증권,8180,166.66666667,0.0203749
한양증권우,9250,380.,0.04108108
한온시스템,10700,203.33333333,0.01900312
한올바이오파마,34750,1183.33333333,0.03405276
한익스프레스,4320,136.,0.03148148
한일네트웍스,4475,85.,0.01899441
한일단조,1650,35.,0.02121212
한일사료,1875,30.,0.016
한일시멘트,96100,1673.33333333,0.01741242
한일진공,1100,50.,0.04545455
한일철강,2080,51.33333333,0.02467949
한일현대시멘트,30050.,1073.33333333,0.03571825
한일홀딩스,43900.,1576.66666667,0.03591496
한일화학,11800,150.,0.01271186
한전KPS,35400,963.33333333,0.02721281
한전기술,18750,650.,0.03466667
한전산업,3520,57.66666667,0.01638258
한진,29150.,1073.33333333,0.03682104
한진중공업,4415,215.66666667,0.04884862
한진중공업홀딩스,2635,79.,0.02998102
한진칼,36950,1920.,0.05196211
한진칼우,40100,2076.66666667,0.0517872
한창,2770.,157.,0.0566787
한창산업,5500,70.,0.01272727
한창제지,3180,130.,0.0408805
한컴MDS,10950,150.,0.01369863
한컴위드,2820,55.,0.01950355
한컴지엠디,2180,20.,0.00917431
한탑,1940,55.,0.02835052
한프,838,24.,0.02863962
한화,24800,433.33333333,0.01747312
한화3우B,13850,156.66666667,0.01131167
한화갤러리아타임월드,25800,90.,0.00348837
한화생명,2340,60.,0.02564103
한화손해보험,2835,83.66666667,0.02951205
한화수성스팩,2050,5.,0.00243902
한화시스템,10250,408.66666667,0.03986992
한화에스비아이스팩,2630,110.,0.0418251
한화에어로스페이스,38050,926.66666667,0.02435392
한화에이스스팩4호,2040,5.,0.00245098
한화우,28800,933.33333333,0.03240741
한화케미칼,18250,480.,0.02630137
한화케미칼우,12000.,200.,0.01666667
한화투자증권,2000,35.66666667,0.01783333
한화투자증권우,2010,49.33333333,0.02454395
해마로푸드서비스,2915,190.,0.0651801
해성디에스,13900,463.33333333,0.03333333
해성산업,10100,350.,0.03465347
해성옵틱스,2080,115.,0.05528846
해태제과식품,7430,146.,0.01965007
핸디소프트,2030,70.,0.03448276
핸즈코퍼레이션,6820,247.33333333,0.03626588
헬릭스미스,84100,900.,0.01070155
현대건설,40800.,1026.66666667,0.0251634
현대건설기계,27050,970.,0.03585952
현대건설우,142500,3233.33333333,0.02269006
현대공업,3100,60.,0.01935484
현대그린푸드,11850,326.66666667,0.02756681
현대글로비스,148000,2566.66666667,0.01734234
현대로템,14900,496.66666667,0.03333333
현대리바트,13900,390.,0.02805755
현대모비스,246500.,5866.66666667,0.02379986
현대미포조선,45000,1350.,0.03
현대바이오,13950,400.,0.02867384
현대백화점,82000,1833.33333333,0.02235772
현대비앤지스틸,9080,168.66666667,0.01857562
현대비앤지스틸우,56200,2813.33333333,0.05005931
현대사료,12150,100.,0.00823045
현대상사,17400.,413.33333333,0.02375479
현대상선,3580.,66.,0.01843575
현대약품,5310.,227.33333333,0.0428123
현대에너지솔루션,13550,866.66666667,0.06396064
현대에이치씨엔,3600,167.33333333,0.04648148
현대엘리베이,69600,2193.33333333,0.03151341
현대오토에버,49200,963.33333333,0.01957995
현대위아,52500,1346.66666667,0.02565079
현대일렉트릭,8560,520.66666667,0.06082555
현대제철,31850,676.66666667,0.02124542
현대중공업지주,345000,5300.,0.01536232
현대차,121500.,2733.33333333,0.02249657
현대차2우B,81400,1500.,0.01842752
현대차3우B,71200,1086.66666667,0.01526217
현대차우,72500.,1273.33333333,0.01756322
현대차증권,9970,153.33333333,0.01537947
현대코퍼레이션홀딩스,12100.,246.66666667,0.02038567
현대통신,8000,40.,0.005
현대해상,27950,816.66666667,0.02921884
현대홈쇼핑,85000,1420.,0.01670588
현우산업,3480,110.,0.0316092
현진소재,1535,110.,0.07166124
형지I&C,603,17.,0.02819237
형지엘리트,1360,88.33333333,0.06495098
혜인,4435,130.,0.02931229
호전실업,14700,593.33333333,0.04036281
호텔신라,83500,1706.66666667,0.02043912
호텔신라우,49850,956.66666667,0.01919091
홈센타홀딩스,1320,35.,0.02651515
홈캐스트,4600,140.,0.03043478
화성밸브,6170,180.,0.02917342
화성산업,11850.,236.66666667,0.01997187
화승알앤에이,2155,107.33333333,0.04980665
화승엔터프라이즈,16400,623.33333333,0.03800813
화승인더,10850.,510.,0.04700461
화신,3500.,119.,0.034
화신정공,1270,35.,0.02755906
화신테크,2540,295.,0.11614173
화이브라더스코리아,2415,70.,0.02898551
화인베스틸,2525,97.,0.03841584
화일약품,6640,180.,0.02710843
화천기계,2970,176.33333333,0.05937149
화천기공,38000,400.,0.01052632
환인제약,16400,226.66666667,0.01382114
황금에스티,6890,144.,0.02089985
효성,80000.,1200.,0.015
효성ITX,14000,596.66666667,0.04261905
효성오앤비,6800,200.66666667,0.0295098
효성중공업,25600,750.,0.02929688
효성첨단소재,104500,2300.,0.02200957
효성티앤씨,159000,3800.,0.02389937
효성화학,142500,4066.66666667,0.02853801
후성,7760,257.33333333,0.03316151
휘닉스소재,650,22.,0.03384615
휠라코리아,51900,1313.33333333,0.02530507
휴네시온,4785,185.,0.03866249
휴니드,7300.,230.,0.03150685
휴림로봇,1150,95.,0.0826087
휴마시스,1400,40.,0.02857143
휴맥스,5080,130.,0.02559055
휴맥스홀딩스,3170,70.,0.02208202
휴메딕스,24200,250.,0.01033058
휴비스,6010,116.66666667,0.01941209
휴비츠,8140,140.,0.01719902
휴스틸,10200,133.33333333,0.0130719
휴온스,59600,1300.,0.02181208
휴온스글로벌,35400,850.,0.0240113
휴젤,385000,8800.,0.02285714
휴켐스,21600,376.66666667,0.01743827
흥구석유,5460,280.,0.05128205
흥국,4460,80.,0.01793722
흥국에프엔비,1805,50.,0.02770083
흥국화재,3145.,72.33333333,0.02299947
흥국화재2우B,19150,870.,0.04543081
흥국화재우,4820,123.66666667,0.02565698
흥아해운,588,53.33333333,0.09070295
희림,4235,85.,0.02007084
힘스,26450,1050.,0.03969754
